"Timestamp","Ward (1 - 66)","Division (1 - 51)","Time of day","Voter number within your division (how many people voted before you, plus you)"
"10/23/2019 8:21:07","27","14",07:05:00,5
"11/1/2019 20:10:06","27","12",14:00:00,75
"11/1/2019 20:10:28","27","12",14:00:00,75
"11/5/2019 7:10:48","18","5",07:08:00,1
"11/5/2019 7:12:06","46","7",07:00:00,1
"11/5/2019 7:12:57","31","10",07:07:00,2
"11/5/2019 7:15:27","36","37",07:15:00,10
"11/5/2019 7:16:06","18","6",07:10:00,5
"11/5/2019 7:16:17","36","38",07:15:00,2
"11/5/2019 7:16:23","63","18",07:15:00,8
"11/5/2019 7:16:46","46","1",07:08:00,5
"11/5/2019 7:16:55","15","15",07:14:00,2
"11/5/2019 7:18:16","21","36",07:00:00,1
"11/5/2019 7:20:12","18","06",07:05:00,4
"11/5/2019 7:20:30","27","14",07:10:00,5
"11/5/2019 7:20:40","5","4",07:17:00,9
"11/5/2019 7:21:11","46","22",07:10:00,1
"11/5/2019 7:21:21","2","27",07:20:00,14
"11/5/2019 7:23:03","8","25",07:15:00,7
"11/5/2019 7:23:07","15","7",07:13:00,5
"11/5/2019 7:23:58","45","4",07:15:00,8
"11/5/2019 7:25:01","30","05",07:25:00,16
"11/5/2019 7:28:30","51","2",07:13:00,4
"11/5/2019 7:38:50","5","25",07:30:00,18
"11/5/2019 7:38:25","5","32",07:30:00,7
"11/5/2019 7:42:16","39","37",07:41:00,14
"11/5/2019 7:46:37","30","1",07:05:00,14
"11/5/2019 7:47:50","65","23",07:00:00,3
"11/5/2019 7:48:37","34","30",07:45:00,17
"11/5/2019 7:52:41","32","21",07:07:00,2
"11/5/2019 7:52:52","09","13",07:00:00,7
"11/5/2019 7:53:22","2","10",07:15:00,12
"11/5/2019 7:53:27","9","5",07:45:00,27
"11/5/2019 7:54:46","5","1",07:54:00,21
"11/5/2019 7:54:53","2","9",07:27:00,9
"11/5/2019 7:55:35","5","37",07:55:00,21
"11/5/2019 7:55:57","21","40",07:45:00,15
"11/5/2019 7:57:23","25","22",07:20:00,7
"11/5/2019 7:58:15","46","07",07:45:00,20
"11/5/2019 7:59:47","21","35",07:55:00,12
"11/5/2019 8:00:16","2","6",07:50:00,27
"11/5/2019 8:00:18","15","12",07:58:00,23
"11/5/2019 8:02:13","14","04",07:45:00,15
"11/5/2019 8:06:24","15","7",08:00:00,35
"11/5/2019 8:07:04","18","10",08:00:00,23
"11/5/2019 8:07:04","22","1",08:06:00,30
"11/5/2019 8:07:08","15","15",08:00:00,24
"11/5/2019 8:10:05","8","32",07:40:00,16
"11/5/2019 8:10:45","18","09",08:00:00,34
"11/5/2019 8:12:00","27","15",07:45:00,14
"11/5/2019 8:12:44","15","11",08:12:00,27
"11/5/2019 8:13:33","8","32",07:02:00,3
"11/5/2019 8:14:52","46","06",09:15:00,30
"11/5/2019 8:15:28","46","22",08:15:00,38
"11/5/2019 8:16:03","2","15",07:35:00,15
"11/5/2019 8:16:34","18","09",08:00:00,34
"11/5/2019 8:17:57","31","15",08:05:00,16
"11/5/2019 8:18:25","39","02",08:12:00,7
"11/5/2019 8:18:54","31","19",08:10:00,11
"11/5/2019 8:19:44","46","03",08:40:00,35
"11/5/2019 8:20:19","47","14",07:12:00,1
"11/5/2019 8:21:06","5","3",08:00:00,28
"11/5/2019 8:22:46","46","16",07:15:00,9
"11/5/2019 8:23:25","18","06",08:20:00,27
"11/5/2019 8:23:32","46","1",07:05:00,2
"11/5/2019 8:23:40","9","6",08:00:00,24
"11/5/2019 8:24:46","2","5",08:25:00,41
"11/5/2019 8:26:18","39","27",08:26:00,29
"11/5/2019 8:26:18","15","10",08:26:00,30
"11/5/2019 8:27:17","49","04",08:00:00,7
"11/5/2019 8:27:20","2","6",08:15:00,33
"11/5/2019 8:28:41","5","25",07:05:00,5
"11/5/2019 8:28:48","30","7",07:20:00,16
"11/5/2019 8:29:22","1","19",08:28:00,36
"11/5/2019 8:29:54","46","8",08:29:00,45
"11/5/2019 8:30:07","27","10",07:45:00,7
"11/5/2019 8:30:32","06","01",07:00:00,2
"11/5/2019 8:30:33","18","17",07:40:00,23
"11/5/2019 8:33:25","2","9",08:25:00,31
"11/5/2019 8:33:25","2","23",08:27:00,39
"11/5/2019 8:34:17","18","11",08:15:00,33
"11/5/2019 8:34:30","5","9",07:05:00,3
"11/5/2019 8:34:34","46","7",07:45:00,8
"11/5/2019 8:35:18","60","08",08:15:00,16
"11/5/2019 8:37:13","5","27",08:15:00,35
"11/5/2019 8:37:25","21","37",07:00:00,1
"11/5/2019 8:37:37","2","23",08:20:00,38
"11/5/2019 8:38:07","5","9",07:35:00,21
"11/5/2019 8:39:12","60","2",08:38:00,27
"11/5/2019 8:39:32","38","16",08:30:00,34
"11/5/2019 8:40:27","60","09",08:42:00,62
"11/5/2019 8:40:47","39","22",08:30:00,18
"11/5/2019 8:41:17","4","3",08:00:00,3
"11/5/2019 8:41:47","5","28",08:33:00,34
"11/5/2019 8:41:49","2","5",08:35:00,45
"11/5/2019 8:42:10","52","11",08:44:00,31
"11/5/2019 8:42:28","15","10",08:26:00,30
"11/5/2019 8:42:42","46","2",08:25:00,47
"11/5/2019 8:43:00","15","7",08:42:00,53
"11/5/2019 8:43:09","47","1",08:42:00,31
"11/5/2019 8:44:59","15","14",08:35:00,55
"11/5/2019 8:45:44","8","23",08:32:00,57
"11/5/2019 8:46:03","24","2",07:45:00,9
"11/5/2019 8:46:23","8","20",07:15:00,5
"11/5/2019 8:46:29","27","11",08:46:00,4
"11/5/2019 8:49:08","8","12",08:35:00,30
"11/5/2019 8:49:45","14","10",08:30:00,26
"11/5/2019 8:50:58","31","4",08:45:00,48
"11/5/2019 8:51:00","51","3",07:20:00,10
"11/5/2019 8:52:31","30","13",08:45:00,58
"11/5/2019 8:52:33","8","26",08:52:00,48
"11/5/2019 8:54:09","21","35",08:45:00,27
"11/5/2019 8:54:23","8","30",08:15:00,50
"11/5/2019 8:55:45","60","9",08:35:00,55
"11/5/2019 8:56:07","8","3",08:50:00,65
"11/5/2019 8:57:54","26","22",08:15:00,12
"11/5/2019 8:58:01","48","2",08:40:00,35
"11/5/2019 8:58:22","30","07",08:55:00,80
"11/5/2019 8:58:34","15","3",08:57:00,65
"11/5/2019 8:58:51","1","8",08:58:00,31
"11/5/2019 8:58:55","9","13",08:35:00,37
"11/5/2019 8:59:07","8","26",08:05:00,35
"11/5/2019 9:01:39","2","18",08:35:00,35
"11/5/2019 9:03:53","60","2",08:10:00,19
"11/5/2019 9:04:04","39","30",08:10:00,28
"11/5/2019 9:04:22","30","07",08:55:00,80
"11/5/2019 9:07:42","27","23",09:07:00,67
"11/5/2019 9:08:22","46","08",09:04:00,55
"11/5/2019 9:09:28","8","12",07:01:00,2
"11/5/2019 9:09:50","6","3",09:09:00,34
"11/5/2019 9:10:16","48","16",07:54:00,10
"11/5/2019 9:13:43","39","46",09:05:00,69
"11/5/2019 9:13:56","22","1",09:13:00,64
"11/5/2019 9:14:30","15","13",08:50:00,52
"11/5/2019 9:14:36","46","08",08:00:00,34
"11/5/2019 9:15:06","46","08",08:05:00,35
"11/5/2019 9:15:43","47","1",09:15:00,34
"11/5/2019 9:15:45","18","1",07:30:00,3
"11/5/2019 9:17:06","8","13",08:50:00,32
"11/5/2019 9:19:09","18","14",09:00:00,35
"11/5/2019 9:19:37","29","17",08:45:00,26
"11/5/2019 9:20:04","30","5",09:15:00,52
"11/5/2019 9:20:05","5","1",08:55:00,35
"11/5/2019 9:20:08","36","37",09:19:00,65
"11/5/2019 9:20:59","8","28",09:19:00,72
"11/5/2019 9:21:22","2","5",08:30:00,46
"11/5/2019 9:22:09","1","16",09:06:00,35
"11/5/2019 9:23:53","5","4",08:37:00,53
"11/5/2019 9:25:40","5","1",09:25:00,62
"11/5/2019 9:25:48","5","28",09:25:00,49
"11/5/2019 9:26:08","46","3",08:30:00,44
"11/5/2019 9:26:12","5","37",09:26:00,47
"11/5/2019 9:27:16","5","6",09:05:00,55
"11/5/2019 9:28:26","46","23",09:27:00,78
"11/5/2019 9:30:24","30","8",08:57:00,30
"11/5/2019 9:32:29","18","16",09:31:00,50
"11/5/2019 9:34:19","31","18",08:18:00,16
"11/5/2019 9:35:35","1","3",09:31:00,76
"11/5/2019 9:35:43","1","3",09:31:00,76
"11/5/2019 9:36:22","39","45",09:36:00,83
"11/5/2019 9:36:48","15","7",09:30:00,70
"11/5/2019 9:39:04","31","04",09:15:00,60
"11/5/2019 9:39:46","8","1",09:39:00,85
"11/5/2019 9:39:58","29","11",09:40:00,43
"11/5/2019 9:41:35","27","23",08:14:00,34
"11/5/2019 9:41:42","5","5",08:45:00,0
"11/5/2019 9:43:00","18","17",09:30:00,73
"11/5/2019 9:43:02","1","2",08:15:00,28
"11/5/2019 9:43:59","39","10",07:15:00,8
"11/5/2019 9:45:57","1","11",09:15:00,58
"11/5/2019 9:46:01","46","22",09:38:00,75
"11/5/2019 9:47:29","39","43",09:47:00,40
"11/5/2019 9:48:25","2","21",09:00:00,31
"11/5/2019 9:48:48","63","1",09:30:00,36
"11/5/2019 9:49:01","8","23",08:40:00,61
"11/5/2019 9:49:27","39","7",09:00:00,34
"11/5/2019 9:50:23","5","34",09:47:00,43
"11/5/2019 9:50:57","18","17",08:05:00,34
"11/5/2019 9:51:17","60","8",09:15:00,28
"11/5/2019 9:51:54","14","1",08:45:00,53
"11/5/2019 9:52:44","39","26",09:30:00,57
"11/5/2019 9:53:15","5","32",09:40:00,59
"11/5/2019 9:54:02","5","17",09:50:00,75
"11/5/2019 9:55:17","8","22",07:05:00,1
"11/5/2019 9:55:43","8","32",09:55:00,63
"11/5/2019 9:55:56","39","46",09:45:00,87
"11/5/2019 9:56:39","31","1",09:56:00,53
"11/5/2019 9:56:43","8","26",09:56:00,70
"11/5/2019 9:59:53","30","07",09:55:00,104
"11/5/2019 10:00:25","46","22",08:15:00,37
"11/5/2019 10:00:25","02","15",09:52:00,60
"11/5/2019 10:01:17","5","9",07:05:00,3
"11/5/2019 10:02:29","48","08",10:00:00,44
"11/5/2019 10:02:48","38","39",09:00:00,40
"11/5/2019 10:03:10","15","3",10:02:00,90
"11/5/2019 10:05:10","34","34",07:46:00,18
"11/5/2019 10:06:10","18","11",08:10:00,40
"11/5/2019 10:06:12","1","19",08:15:00,39
"11/5/2019 10:06:17","2","29",08:15:00,43
"11/5/2019 10:07:32","8","9",08:40:00,55
"11/5/2019 10:08:30","36","29",09:36:00,41
"11/5/2019 10:09:11","30","06",08:30:00,43
"11/5/2019 10:11:58","46","9",10:10:00,88
"11/5/2019 10:13:02","8","13",10:10:00,60
"11/5/2019 10:13:03","30","3",09:00:00,42
"11/5/2019 10:13:07","36","16",10:00:00,48
"11/5/2019 10:13:11","15","4",09:30:00,41
"11/5/2019 10:13:17","8","22",10:06:00,36
"11/5/2019 10:13:39","8","22",10:11:00,37
"11/5/2019 10:13:52","1","4",08:30:00,40
"11/5/2019 10:13:58","8","22",10:13:00,38
"11/5/2019 10:14:41","26","21",09:05:00,21
"11/5/2019 10:15:54","36","08",09:35:00,41
"11/5/2019 10:16:18","46","17",07:30:00,22
"11/5/2019 10:16:25","36","5",09:57:00,55
"11/5/2019 10:17:36","30","03",09:58:00,60
"11/5/2019 10:17:45","8","22",10:17:00,39
"11/5/2019 10:18:50","1","11",09:30:00,73
"11/5/2019 10:20:10","56","5",10:06:00,28
"11/5/2019 10:20:33","15","19",10:19:00,72
"11/5/2019 10:20:39","56","11",10:16:00,37
"11/5/2019 10:21:10","56","19",10:19:00,28
"11/5/2019 10:23:14","31","4",10:23:00,87
"11/5/2019 10:24:12","39","34",09:03:00,22
"11/5/2019 10:24:23","46","19",09:54:00,112
"11/5/2019 10:24:54","15","14",10:24:00,98
"11/5/2019 10:25:44","27","14",10:25:00,72
"11/5/2019 10:29:08","8","22",10:17:00,39
"11/5/2019 10:30:40","31","13",08:10:00,18
"11/5/2019 10:31:12","8","22",10:31:00,40
"11/5/2019 10:32:10","8","8",10:00:00,70
"11/5/2019 10:32:14","1","14",10:00:00,57
"11/5/2019 10:32:26","2","24",10:28:00,101
"11/5/2019 10:35:09","15","19",08:00:00,22
"11/5/2019 10:35:28","39","32",09:00:00,0
"11/5/2019 10:36:03","2","23",10:35:00,114
"11/5/2019 10:37:36","8","22",10:36:00,42
"11/5/2019 10:38:10","30","7",10:15:00,109
"11/5/2019 10:39:33","15","12",09:20:00,60
"11/5/2019 10:40:30","5","3",08:30:00,36
"11/5/2019 10:41:29","31","03",09:10:00,37
"11/5/2019 10:43:08","39","26",09:20:00,54
"11/5/2019 10:43:33","8","13",10:09:00,59
"11/5/2019 10:45:13","46","22",08:20:00,41
"11/5/2019 10:45:37","8","3",10:03:00,100
"11/5/2019 10:46:13","29","12",09:30:00,50
"11/5/2019 10:46:35","7","30",09:00:00,87
"11/5/2019 10:46:53","8","13",10:09:00,59
"11/5/2019 10:48:08","18","17",09:30:00,74
"11/5/2019 10:48:14","06","07",10:15:00,64
"11/5/2019 10:50:46","59","21",09:38:00,39
"11/5/2019 10:53:13","31","18",07:50:00,8
"11/5/2019 10:53:19","2","10",08:06:00,26
"11/5/2019 10:55:37","2","9",10:52:00,73
"11/5/2019 10:58:59","27","23",11:00:00,117
"11/5/2019 11:00:47","15","3",11:00:00,101
"11/5/2019 11:00:54","27","23",11:00:00,116
"11/5/2019 11:03:23","2","7",11:03:00,114
"11/5/2019 11:03:30","8","22",11:03:00,45
"11/5/2019 11:03:35","8","19",10:58:00,135
"11/5/2019 11:03:59","8","25",09:54:00,78
"11/5/2019 11:04:25","8","19",10:58:00,135
"11/5/2019 11:04:46","22","2",07:30:00,31
"11/5/2019 11:05:40","36","03",09:50:00,49
"11/5/2019 11:05:46","5","26",11:00:00,88
"11/5/2019 11:06:00","3","10",09:50:00,30
"11/5/2019 11:07:04","8","22",11:06:00,46
"11/5/2019 11:08:36","1","10",11:08:00,81
"11/5/2019 11:09:35","46","17",11:00:00,162
"11/5/2019 11:13:18","2","17",10:40:00,93
"11/5/2019 11:15:05","18","10",11:14:00,92
"11/5/2019 11:15:15","48","12",09:15:00,25
"11/5/2019 11:16:16","12","17",08:05:00,18
"11/5/2019 11:17:36","1","8",11:17:00,67
"11/5/2019 11:18:24","36","36",08:30:00,48
"11/5/2019 11:19:05","8","32",11:18:00,81
"11/5/2019 11:19:39","8","26",11:19:00,92
"11/5/2019 11:20:12","18","01",11:20:00,53
"11/5/2019 11:20:30","18","17",11:00:00,101
"11/5/2019 11:21:49","14","1",08:44:00,50
"11/5/2019 11:22:03","39","26",08:30:00,37
"11/5/2019 11:23:12","1","20",07:15:00,4
"11/5/2019 11:23:24","22","03",10:30:00,62
"11/5/2019 11:23:39","8","22",11:23:00,48
"11/5/2019 11:25:47","05","06",09:15:00,63
"11/5/2019 11:25:55","08","16",11:10:00,116
"11/5/2019 11:26:20","29","16",07:15:00,8
"11/5/2019 11:26:42","8","22",11:26:00,49
"11/5/2019 11:27:02","14","5",07:30:00,8
"11/5/2019 11:28:17","1","2",11:25:00,80
"11/5/2019 11:31:47","46","18",08:25:00,102
"11/5/2019 11:31:55","46","01",09:35:00,68
"11/5/2019 11:32:27","8","22",11:32:00,50
"11/5/2019 11:32:50","36","41",09:20:00,31
"11/5/2019 11:34:36","9","10",11:35:00,107
"11/5/2019 11:35:02","9","10",11:35:00,108
"11/5/2019 11:35:23","15","17",07:20:00,8
"11/5/2019 11:37:06","65","4",09:15:00,43
"11/5/2019 11:37:48","8","22",11:37:00,51
"11/5/2019 11:41:10","24","08",07:50:00,12
"11/5/2019 11:41:21","1","10",10:40:00,78
"11/5/2019 11:43:41","39","19",07:45:00,8
"11/5/2019 11:44:39","29","18",11:30:00,53
"11/5/2019 11:45:07","47","1",11:44:00,57
"11/5/2019 11:46:50","18","10",07:15:00,10
"11/5/2019 11:48:41","36","29",08:40:00,31
"11/5/2019 11:49:19","22","3",10:10:00,55
"11/5/2019 11:49:57","46","16",08:10:00,55
"11/5/2019 11:50:44","60","08",11:40:00,56
"11/5/2019 11:52:01","46","1",07:58:00,28
"11/5/2019 11:52:41","15","15",08:45:00,41
"11/5/2019 11:53:23","45","1",11:55:00,67
"11/5/2019 11:53:55","45","3",11:55:00,82
"11/5/2019 11:54:48","30","5",09:30:00,55
"11/5/2019 11:55:50","21","15",08:30:00,40
"11/5/2019 11:57:07","5","35",08:00:00,16
"11/5/2019 11:57:43","8","22",11:57:00,53
"11/5/2019 11:57:56","21","13",10:20:00,42
"11/5/2019 11:58:33","2","7",11:50:00,122
"11/5/2019 12:00:29","8","8",12:00:00,127
"11/5/2019 12:01:50","1","20",10:29:00,92
"11/5/2019 12:02:06","8","33",08:55:00,27
"11/5/2019 12:02:25","39","43",12:01:00,65
"11/5/2019 12:04:26","46","1",10:00:00,98
"11/5/2019 12:04:49","31","10",07:55:00,9
"11/5/2019 12:07:28","8","22",12:07:00,55
"11/5/2019 12:10:09","14","5",08:00:00,8
"11/5/2019 12:11:29","46","22",09:00:00,51
"11/5/2019 12:12:15","64","08",12:10:00,50
"11/5/2019 12:12:54","64","10",12:15:00,34
"11/5/2019 12:13:18","64","9",12:15:00,26
"11/5/2019 12:14:53","12","17",12:10:00,78
"11/5/2019 12:15:58","1","11",12:15:00,131
"11/5/2019 12:20:15","15","17",12:20:00,125
"11/5/2019 12:23:39","9","2",12:15:00,129
"11/5/2019 12:25:06","1","10",12:20:00,100
"11/5/2019 12:25:42","1","10",12:25:00,100
"11/5/2019 12:29:14","30","13",12:25:00,112
"11/5/2019 12:32:29","30","9",07:40:00,43
"11/5/2019 12:32:46","8","22",12:32:00,63
"11/5/2019 12:35:09","39","42",07:10:00,8
"11/5/2019 12:36:37","30","13",12:30:00,123
"11/5/2019 12:38:17","5","1",00:38:00,149
"11/5/2019 12:39:01","5","37",00:38:00,69
"11/5/2019 12:39:14","2","24",00:30:00,142
"11/5/2019 12:39:54","30","17",10:00:00,116
"11/5/2019 12:40:58","59","22",11:30:00,77
"11/5/2019 12:41:34","63","06",12:41:00,68
"11/5/2019 12:42:20","5","28",12:42:00,80
"11/5/2019 12:42:35","21","12",12:42:00,64
"11/5/2019 12:44:35","1","13",11:45:00,98
"11/5/2019 12:45:01","1","13",11:30:00,91
"11/5/2019 12:45:09","36","40",12:40:00,97
"11/5/2019 12:45:18","46","13",12:34:00,39
"11/5/2019 12:47:01","18","14",07:20:00,5
"11/5/2019 12:47:29","27","17",09:20:00,21
"11/5/2019 12:48:36","8","22",12:47:00,65
"11/5/2019 12:51:20","2","8",00:50:00,97
"11/5/2019 12:52:24","5","26",12:37:00,114
"11/5/2019 12:53:39","30","3",07:15:00,3
"11/5/2019 12:55:45","8","22",12:55:00,67
"11/5/2019 12:58:08","58","43",13:00:00,46
"11/5/2019 12:58:43","58","02",13:00:00,20
"11/5/2019 12:59:16","58","37",13:00:00,73
"11/5/2019 12:59:39","22","3",12:30:00,111
"11/5/2019 12:59:44","26","17",09:10:00,25
"11/5/2019 12:59:51","58","32",13:00:00,28
"11/5/2019 13:00:13","36","29",08:45:00,36
"11/5/2019 13:01:52","8","22",13:01:00,69
"11/5/2019 13:05:50","36","36",07:48:00,30
"11/5/2019 13:06:38","9","14",09:20:00,46
"11/5/2019 13:07:14","46","17",12:30:00,213
"11/5/2019 13:07:31","2","7",13:07:00,144
"11/5/2019 13:08:03","5","6",08:00:00,26
"11/5/2019 13:08:16","2","4",08:30:00,41
"11/5/2019 13:09:17","08","04",08:50:00,83
"11/5/2019 13:13:50","5","30",12:45:00,103
"11/5/2019 13:16:43","9","3",12:00:00,154
"11/5/2019 13:16:45","31","03",11:00:00,53
"11/5/2019 13:20:49","46","23",08:15:00,58
"11/5/2019 13:23:17","2","7",13:23:00,154
"11/5/2019 13:24:25","13","12",13:20:00,75
"11/5/2019 13:24:51","8","22",13:16:00,75
"11/5/2019 13:30:24","2","15",13:00:00,117
"11/5/2019 13:32:23","50","14",07:45:00,18
"11/5/2019 13:32:43","1","3",12:00:00,132
"11/5/2019 13:32:57","1","3",12:00:00,132
"11/5/2019 13:33:02","30","02",13:00:00,125
"11/5/2019 13:34:04","30","15",12:05:00,84
"11/5/2019 13:35:55","8","22",13:35:00,76
"11/5/2019 13:36:03","1","8",13:35:00,85
"11/5/2019 13:40:08","46","23",13:20:00,145
"11/5/2019 13:40:32","8","22",13:40:00,77
"11/5/2019 13:42:51","18","12",07:15:00,6
"11/5/2019 13:44:46","5","28",13:40:00,97
"11/5/2019 13:47:34","5","4",07:00:00,1
"11/5/2019 13:49:05","14","07",13:00:00,68
"11/5/2019 13:52:00","30","15",13:40:00,110
"11/5/2019 13:52:20","36","37",13:45:00,146
"11/5/2019 13:52:38","02","05",12:15:00,100
"11/5/2019 13:53:14","5","37",13:52:00,78
"11/5/2019 13:53:50","5","1",13:53:00,174
"11/5/2019 13:56:18","8","22",13:55:00,79
"11/5/2019 13:57:27","8","32",13:57:00,104
"11/5/2019 13:57:27","29","10",13:50:00,67
"11/5/2019 13:57:58","5","31",13:50:00,37
"11/5/2019 13:58:04","8","26",13:57:00,131
"11/5/2019 13:58:09","21","30",07:50:00,22
"11/5/2019 14:03:28","47","02",13:50:00,61
"11/5/2019 14:02:15","8","3",08:30:00,49
"11/5/2019 14:06:24","21","11",09:35:00,41
"11/5/2019 14:07:18","31","11",13:00:00,103
"11/5/2019 14:12:48","8","8",14:12:00,171
"11/5/2019 14:12:48","8","22",14:12:00,82
"11/5/2019 14:18:15","36","29",11:35:00,60
"11/5/2019 14:19:40","01","02",14:15:00,104
"11/5/2019 14:21:13","2","7",14:21:00,160
"11/5/2019 14:22:09","56","05",14:20:00,60
"11/5/2019 14:22:39","56","19",14:20:00,102
"11/5/2019 14:25:23","08","17",14:25:00,139
"11/5/2019 14:25:42","5","16",14:20:00,121
"11/5/2019 14:26:48","41","12",14:25:00,44
"11/5/2019 14:27:37","5","3",07:05:00,6
"11/5/2019 14:28:14","15","3",14:27:00,160
"11/5/2019 14:29:14","46","17",14:15:00,251
"11/5/2019 14:31:09","61","20",14:30:00,96
"11/5/2019 14:31:38","08","13",14:25:00,128
"11/5/2019 14:32:23","61","27",14:30:00,112
"11/5/2019 14:32:58","61","28",14:30:00,116
"11/5/2019 14:33:44","46","8",14:33:00,199
"11/5/2019 14:33:50","61","15",14:30:00,80
"11/5/2019 14:34:01","47","1",14:33:00,74
"11/5/2019 14:34:14","5","13",14:15:00,42
"11/5/2019 14:34:22","9","12",07:00:00,4
"11/5/2019 14:35:04","18","04",14:30:00,103
"11/5/2019 14:35:08","8","17",14:30:00,138
"11/5/2019 14:35:21","61","14",14:30:00,61
"11/5/2019 14:41:12","8","27",07:35:00,8
"11/5/2019 14:42:17","39","35",08:30:00,20
"11/5/2019 14:43:51","18","19",07:10:00,3
"11/5/2019 14:44:20","8","10",02:42:00,254
"11/5/2019 14:45:44","8","22",14:45:00,85
"11/5/2019 14:47:58","8","15",14:45:00,78
"11/5/2019 14:49:43","51","6",14:49:00,161
"11/5/2019 14:50:03","31","04",09:00:00,52
"11/5/2019 14:52:18","46","16",10:00:00,94
"11/5/2019 14:52:47","39","43",14:52:00,101
"11/5/2019 14:53:48","36","09",14:50:00,102
"11/5/2019 14:55:30","27","2",07:25:00,24
"11/5/2019 14:56:22","13","4",11:50:00,91
"11/5/2019 14:57:14","61","07",15:00:00,94
"11/5/2019 14:57:34","21","31",07:20:00,8
"11/5/2019 14:58:10","61","02",15:00:00,80
"11/5/2019 14:58:57","61","09",15:00:00,81
"11/5/2019 15:00:16","66","04",15:00:00,55
"11/5/2019 15:02:04","2","16",08:00:00,30
"11/5/2019 15:02:33","22","1",09:25:00,62
"11/5/2019 15:04:39","22","04",07:20:00,10
"11/5/2019 15:06:55","9","13",14:35:00,203
"11/5/2019 15:07:03","32","13",10:30:00,17
"11/5/2019 15:07:12","31","16",10:30:00,69
"11/5/2019 15:09:52","36","05",15:00:00,112
"11/5/2019 15:10:13","2","7",15:08:00,168
"11/5/2019 15:12:53","25","2",07:15:00,1
"11/5/2019 15:12:56","5","37",15:12:00,85
"11/5/2019 15:13:37","5","1",15:13:00,210
"11/5/2019 15:14:32","31","10",13:30:00,86
"11/5/2019 15:15:23","36","36",14:45:00,128
"11/5/2019 15:15:47","2","7",15:15:00,168
"11/5/2019 15:20:33","5","17",03:20:00,162
"11/5/2019 15:21:00","8","13",15:20:00,146
"11/5/2019 15:21:59","21","24",14:55:00,236
"11/5/2019 15:22:11","5","32",15:21:00,126
"11/5/2019 15:22:12","04","14",14:30:00,99
"11/5/2019 15:23:03","8","15",15:22:00,193
"11/5/2019 15:23:48","6","3",15:15:00,117
"11/5/2019 15:24:02","21","42",07:10:00,7
"11/5/2019 15:27:32","17","27",15:30:00,74
"11/5/2019 15:28:09","9","2",14:20:00,182
"11/5/2019 15:29:05","2","7",15:28:00,172
"11/5/2019 15:30:33","1","3",12:09:00,138
"11/5/2019 15:31:35","8","22",15:31:00,93
"11/5/2019 15:32:42","1","8",15:32:00,109
"11/5/2019 15:33:47","47","1",15:33:00,83
"11/5/2019 15:36:45","58","28",15:15:00,94
"11/5/2019 15:40:59","15","15",08:30:00,33
"11/5/2019 15:41:35","15","7",15:35:00,178
"11/5/2019 15:44:32","36","39",09:06:00,45
"11/5/2019 15:45:21","22","2",12:24:00,151
"11/5/2019 15:50:52","12","26",09:15:00,40
"11/5/2019 15:51:06","59","18",10:45:00,71
"11/5/2019 15:54:32","30","1",15:55:00,253
"11/5/2019 15:54:34","9","1",14:51:00,194
"11/5/2019 15:56:14","8","23",16:00:00,248
"11/5/2019 15:56:33","58","08",15:50:00,133
"11/5/2019 15:57:14","58","08",15:50:00,133
"11/5/2019 15:57:19","18","18",15:57:00,151
"11/5/2019 15:57:41","2","23",15:45:00,218
"11/5/2019 15:57:47","2","23",15:45:00,218
"11/5/2019 15:59:58","46","7",07:41:00,17
"11/5/2019 16:00:23","31","17",12:00:00,62
"11/5/2019 16:01:18","39","43",16:00:00,109
"11/5/2019 16:03:19","8","19",16:02:00,247
"11/5/2019 16:03:44","22","09",09:30:00,39
"11/5/2019 16:06:25","12","3",12:10:00,60
"11/5/2019 16:06:26","25","2",07:15:00,1
"11/5/2019 16:07:39","5","28",04:07:00,133
"11/5/2019 16:07:43","18","6",16:00:00,140
"11/5/2019 16:08:11","9","10",15:40:00,262
"11/5/2019 16:08:22","56","5",16:06:00,80
"11/5/2019 16:08:30","5","09",04:07:00,250
"11/5/2019 16:08:42","18","19",16:00:00,125
"11/5/2019 16:09:32","12","23",08:30:00,30
"11/5/2019 16:10:31","18","12",16:10:00,177
"11/5/2019 16:10:51","8","26",08:40:00,44
"11/5/2019 16:11:04","18","18",15:00:00,135
"11/5/2019 16:11:41","59","19",16:10:00,137
"11/5/2019 16:12:31","36","10",12:30:00,72
"11/5/2019 16:14:13","15","17",16:12:00,192
"11/5/2019 16:14:30","15","17",16:12:00,192
"11/5/2019 16:15:24","47","1",16:14:00,99
"11/5/2019 16:18:52","7","46",11:45:00,94
"11/5/2019 16:21:16","18","2",14:15:00,94
"11/5/2019 16:21:54","2","7",16:21:00,189
"11/5/2019 16:21:54","47","3",14:30:00,48
"11/5/2019 16:22:07","46","18",16:21:00,181
"11/5/2019 16:22:31","36","37",16:22:00,189
"11/5/2019 16:22:42","30","17",08:30:00,56
"11/5/2019 16:23:48","46","7",16:20:00,150
"11/5/2019 16:24:01","15","13",10:30:00,91
"11/5/2019 16:24:24","5","13",09:30:00,13
"11/5/2019 16:24:28","15","13",10:30:00,91
"11/5/2019 16:25:31","1","10",16:19:00,175
"11/5/2019 16:26:46","38","12",14:30:00,105
"11/5/2019 16:26:56","58","20",07:15:00,4
"11/5/2019 16:27:08","36","21",16:30:00,82
"11/5/2019 16:27:59","36","17",16:30:00,87
"11/5/2019 16:29:17","66","02",16:20:00,101
"11/5/2019 16:30:24","25","03",09:56:00,29
"11/5/2019 16:31:11","60","08",16:30:00,99
"11/5/2019 16:32:15","27","1",16:18:00,83
"11/5/2019 16:33:00","8","22",16:32:00,100
"11/5/2019 16:33:16","45","20",15:00:00,150
"11/5/2019 16:35:39","2","21",16:35:00,112
"11/5/2019 16:37:08","02","23",16:35:00,233
"11/5/2019 16:38:28","46","23",16:35:00,203
"11/5/2019 16:39:39","22","1",04:39:00,316
"11/5/2019 16:41:11","5","23",15:30:00,222
"11/5/2019 16:42:12","12","23",17:40:00,204
"11/5/2019 16:45:25","5","14",08:00:00,31
"11/5/2019 16:48:01","30","9",16:46:00,181
"11/5/2019 16:54:22","22","14",16:40:00,164
"11/5/2019 16:54:28","30","01",16:55:00,282
"11/5/2019 16:54:45","31","4",09:03:00,53
"11/5/2019 16:55:31","09","02",16:48:00,227
"11/5/2019 16:56:20","8","8",16:55:00,236
"11/5/2019 16:56:28","8","22",16:56:00,107
"11/5/2019 16:57:32","18","10",16:57:00,216
"11/5/2019 16:57:38","21","19",16:40:00,102
"11/5/2019 16:57:39","9","2",16:02:00,207
"11/5/2019 16:58:16","18","12",16:59:00,190
"11/5/2019 16:58:29","39","1",16:58:00,90
"11/5/2019 17:01:21","2","6",17:00:00,191
"11/5/2019 17:01:26","15","3",17:01:00,213
"11/5/2019 17:06:26","8","16",17:06:00,306
"11/5/2019 17:06:58","2","17",17:00:00,206
"11/5/2019 17:07:12","2","24",17:10:00,226
"11/5/2019 17:07:36","47","1",05:07:00,114
"11/5/2019 17:08:21","2","17",16:55:00,205
"11/5/2019 17:09:23","15","18",17:00:00,196
"11/5/2019 17:09:53","39","43",17:09:00,132
"11/5/2019 17:11:25","27","23",09:30:00,78
"11/5/2019 17:16:49","29","11",17:00:00,111
"11/5/2019 17:18:28","6","3",17:16:00,163
"11/5/2019 17:19:39","46","8",17:18:00,277
"11/5/2019 17:20:21","22","7",16:06:00,227
"11/5/2019 17:23:25","5","21",15:30:00,109
"11/5/2019 17:23:46","15","8",17:23:00,186
"11/5/2019 17:25:01","47","1",17:24:00,121
"11/5/2019 17:28:14","18","12",17:28:00,199
"11/5/2019 17:29:09","46","1",14:00:00,179
"11/5/2019 17:32:49","22","17",17:15:00,178
"11/5/2019 17:33:42","30","14",17:15:00,186
"11/5/2019 17:35:40","36","16",17:30:00,138
"11/5/2019 17:38:46","13","4",17:15:00,204
"11/5/2019 17:40:39","46","23",17:30:00,251
"11/5/2019 17:44:23","05","01",17:44:00,280
"11/5/2019 17:44:43","39","46",08:45:00,53
"11/5/2019 17:45:39","5","21",17:45:00,150
"11/5/2019 17:45:46","57","3",16:52:00,238
"11/5/2019 17:46:48","8","13",17:46:00,186
"11/5/2019 17:48:31","46","09",17:47:00,230
"11/5/2019 17:49:43","14","1",17:45:00,208
"11/5/2019 17:49:59","30","7",07:05:00,9
"11/5/2019 17:50:30","5","11",13:45:00,143
"11/5/2019 17:50:39","48","08",17:50:00,140
"11/5/2019 17:51:06","8","26",17:45:00,204
"11/5/2019 17:51:06","36","12",17:37:00,108
"11/5/2019 17:51:31","21","2",17:40:00,175
"11/5/2019 17:51:47","5","12",17:48:00,232
"11/5/2019 17:52:38","8","32",17:45:00,164
"11/5/2019 17:53:25","45","06",12:30:00,60
"11/5/2019 17:53:28","14","5",17:30:00,100
"11/5/2019 17:53:48","06","07",10:15:00,64
"11/5/2019 17:53:54","19","10",17:53:00,120
"11/5/2019 17:57:41","66","7",09:30:00,23
"11/5/2019 17:58:33","22","09",13:00:00,80
"11/5/2019 18:01:09","8","3",18:00:00,280
"11/5/2019 18:01:13","05","21",17:45:00,151
"11/5/2019 18:02:19","36","02",17:45:00,130
"11/5/2019 18:02:25","1","11",18:00:00,260
"11/5/2019 18:02:55","36","02",17:45:00,131
"11/5/2019 18:03:36","1","11",17:45:00,245
"11/5/2019 18:03:43","1","20",18:00:00,139
"11/5/2019 18:05:05","18","12",18:04:00,224
"11/5/2019 18:05:42","21","41",17:00:00,200
"11/5/2019 18:06:21","36","41",18:08:00,125
"11/5/2019 18:06:26","1","11",07:00:00,1
"11/5/2019 18:07:48","47","1",18:07:00,142
"11/5/2019 18:07:58","8","22",18:07:00,142
"11/5/2019 18:10:04","29","11",18:09:00,145
"11/5/2019 18:10:24","62","13",13:30:00,61
"11/5/2019 18:11:01","15","17",18:10:00,255
"11/5/2019 18:11:06","1","08",15:45:00,110
"11/5/2019 18:11:13","51","6",11:15:00,112
"11/5/2019 18:11:31","18","7",16:30:00,155
"11/5/2019 18:11:49","8","23",18:11:00,330
"11/5/2019 18:12:25","1","20",18:10:00,241
"11/5/2019 18:13:45","8","7",18:00:00,316
"11/5/2019 18:14:06","27","7",07:30:00,8
"11/5/2019 18:15:41","8","10",06:15:00,364
"11/5/2019 18:16:08","2","19",07:00:00,4
"11/5/2019 18:16:28","39","43",18:16:00,161
"11/5/2019 18:17:23","8","7",18:00:00,316
"11/5/2019 18:17:32","8","7",18:00:00,316
"11/5/2019 18:18:14","9","3",17:15:00,286
"11/5/2019 18:18:58","46","9",18:18:00,250
"11/5/2019 18:18:58","64","10",18:00:00,98
"11/5/2019 18:20:08","21","14",18:19:00,275
"11/5/2019 18:20:52","10","1",18:30:00,210
"11/5/2019 18:22:31","36","05",17:45:00,166
"11/5/2019 18:24:59","5","7",18:30:00,230
"11/5/2019 18:25:43","21","15",18:24:00,235
"11/5/2019 18:26:12","18","12",18:26:00,238
"11/5/2019 18:26:42","8","34",18:26:00,132
"11/5/2019 18:26:56","29","18",08:12:00,20
"11/5/2019 18:27:05","5","7",16:00:00,140
"11/5/2019 18:27:25","40","5",17:43:00,400
"11/5/2019 18:27:27","2","20",14:30:00,84
"11/5/2019 18:28:34","32","30",11:45:00,43
"11/5/2019 18:29:44","46","10",18:30:00,200
"11/5/2019 18:30:19","15","03",18:30:00,275
"11/5/2019 18:30:49","18","7",18:30:00,213
"11/5/2019 18:31:07","5","4",18:16:00,352
"11/5/2019 18:31:40","38","39",18:00:00,193
"11/5/2019 18:32:16","8","10",18:30:00,376
"11/5/2019 18:32:36","32","12",09:03:00,18
"11/5/2019 18:32:40","30","6",16:00:00,177
"11/5/2019 18:32:48","2","6",07:20:00,12
"11/5/2019 18:34:09","08","1",10:00:00,90
"11/5/2019 18:34:38","9","2",18:36:00,287
"11/5/2019 18:34:59","02","29",18:30:00,266
"11/5/2019 18:37:47","36","03",18:00:00,145
"11/5/2019 18:37:54","2","5",18:40:00,219
"11/5/2019 18:38:54","05","19",17:15:00,378
"11/5/2019 18:39:26","08","01",11:30:00,127
"11/5/2019 18:39:42","2","29",18:39:00,289
"11/5/2019 18:40:46","8","32",18:40:00,186
"11/5/2019 18:40:54","31","6",18:40:00,174
"11/5/2019 18:42:22","8","26",18:45:00,240
"11/5/2019 18:42:27","5","28",16:50:00,153
"11/5/2019 18:44:33","18","10",18:13:00,256
"11/5/2019 18:45:16","8","32",17:30:00,157
"11/5/2019 18:45:26","46","2",18:00:00,211
"11/5/2019 18:46:00","18","7",11:30:00,79
"11/5/2019 18:46:52","2","6",18:46:00,241
"11/5/2019 18:46:53","36","39",10:45:00,74
"11/5/2019 18:46:56","02","05",06:39:00,218
"11/5/2019 18:47:38","60","13",18:20:00,122
"11/5/2019 18:47:50","9","16",18:30:00,228
"11/5/2019 18:49:38","1","3",08:30:00,40
"11/5/2019 18:50:34","1","21",18:30:00,215
"11/5/2019 18:50:41","46","1",18:50:00,314
"11/5/2019 18:52:04","21","7",08:05:00,15
"11/5/2019 18:53:03","27","1",12:30:00,138
"11/5/2019 18:54:50","45","03",07:05:00,2
"11/5/2019 18:54:58","1","10",16:45:00,170
"11/5/2019 18:56:00","30","3",18:30:00,189
"11/5/2019 18:56:31","5","17",18:55:00,247
"11/5/2019 18:56:45","21","29",17:00:00,135
"11/5/2019 18:57:09","21","20",18:00:00,145
"11/5/2019 18:57:20","5","32",18:55:00,258
"11/5/2019 18:58:12","21","24",18:51:00,391
"11/5/2019 18:58:44","8","31",19:00:00,290
"11/5/2019 19:00:41","9","13",19:00:00,315
"11/5/2019 19:01:34","30","1",19:00:00,363
"11/5/2019 19:03:31","56","16",19:00:00,121
"11/5/2019 19:03:43","8","8",19:03:00,301
"11/5/2019 19:04:16","60","13",19:00:00,134
"11/5/2019 19:04:46","8","19",19:04:00,330
"11/5/2019 19:05:03","47","1",19:04:00,159
"11/5/2019 19:06:02","8","19",19:05:00,332
"11/5/2019 19:06:11","15","14",14:45:00,171
"11/5/2019 19:06:33","46","16",06:45:00,310
"11/5/2019 19:09:25","36","38",19:10:00,145
"11/5/2019 19:09:25","35","2",19:00:00,415
"11/5/2019 19:10:14","39","43",19:09:00,173
"11/5/2019 19:11:16","30","14",18:55:00,240
"11/5/2019 19:12:07","60","09",19:00:00,320
"11/5/2019 19:12:49","56","19",19:10:00,207
"11/5/2019 19:16:11","38","16",19:15:00,224
"11/5/2019 19:16:11","6","9",18:58:00,96
"11/5/2019 19:18:38","46","17",19:00:00,400
"11/5/2019 19:20:59","36","34",19:13:00,145
"11/5/2019 19:21:06","36","10",08:45:00,26
"11/5/2019 19:22:18","35","25",19:20:00,124
"11/5/2019 19:22:21","38","13",19:10:00,234
"11/5/2019 19:23:49","9","6",10:50:00,116
"11/5/2019 19:23:55","08","18",05:45:00,352
"11/5/2019 19:24:28","39","43",19:24:00,174
"11/5/2019 19:24:32","44","10",18:15:00,130
"11/5/2019 19:24:41","38","18",15:25:00,152
"11/5/2019 19:25:01","46","1",19:30:00,318
"11/5/2019 19:25:50","8","30",17:30:00,228
"11/5/2019 19:26:14","5","6",19:12:00,299
"11/5/2019 19:27:08","18","11",19:05:00,275
"11/5/2019 19:27:25","15","3",19:25:00,310
"11/5/2019 19:27:30","21","44",19:10:00,300
"11/5/2019 19:27:33","39","35",16:15:00,118
"11/5/2019 19:30:05","5","31",19:15:00,99
"11/5/2019 19:30:14","10","7",17:30:00,300
"11/5/2019 19:32:03","22","1",19:32:00,452
"11/5/2019 19:32:12","36","19",07:40:00,7
"11/5/2019 19:33:15","53","3",16:38:00,269
"11/5/2019 19:33:27","32","8",16:40:00,46
"11/5/2019 19:33:58","46","07",08:30:00,36
"11/5/2019 19:34:00","46","19",19:30:00,392
"11/5/2019 19:34:02","02","23",19:35:00,325
"11/5/2019 19:34:41","46","2",19:30:00,294
"11/5/2019 19:35:19","8","13",19:35:00,212
"11/5/2019 19:35:26","47","1",19:35:00,164
"11/5/2019 19:37:14","12","16",10:55:00,82
"11/5/2019 19:37:50","36","13",07:45:00,8
"11/5/2019 19:38:07","48","2",19:20:00,204
"11/5/2019 19:38:12","36","9",19:05:00,189
"11/5/2019 19:39:48","36","36",17:33:00,219
"11/5/2019 19:39:58","60","9",07:05:00,8
"11/5/2019 19:40:34","15","17",19:30:00,300
"11/5/2019 19:41:22","2","13",19:40:00,101
"11/5/2019 19:41:40","1","15",07:20:00,10
"11/5/2019 19:42:01","60","9",07:41:00,240
"11/5/2019 19:42:25","58","27",17:05:00,397
"11/5/2019 19:42:25","60","9",07:41:00,340
"11/5/2019 19:42:25","36","39",18:30:00,203
"11/5/2019 19:42:42","31","11",19:35:00,228
"11/5/2019 19:44:11","31","04",17:15:00,205
"11/5/2019 19:46:16","8","32",10:55:00,78
"11/5/2019 19:46:20","60","23",18:30:00,164
"11/5/2019 19:46:41","39","43",19:46:00,182
"11/5/2019 19:47:30","39","30",19:15:00,212
"11/5/2019 19:47:47","30","6",19:45:00,296
"11/5/2019 19:47:50","48","14",18:30:00,149
"11/5/2019 19:48:39","9","6",10:50:00,116
"11/5/2019 19:48:58","1","11",19:40:00,308
"11/5/2019 19:49:08","8","22",19:48:00,189
"11/5/2019 19:50:24","15","05",07:50:00,281
"11/5/2019 19:53:02","55","2",16:30:00,227
"11/5/2019 19:53:13","26","11",18:00:00,139
"11/5/2019 19:53:59","27","1",18:13:00,117
"11/5/2019 19:54:20","46","03",19:40:00,256
"11/5/2019 19:55:42","18","17",19:55:00,303
"11/5/2019 20:00:40","24","5",12:00:00,96
"11/5/2019 20:00:56","8","8",20:00:00,324
"11/5/2019 20:01:12","60","9",20:00:00,347
"11/5/2019 20:03:07","39","43",20:00:00,183
"11/5/2019 20:04:37","18","10",20:00:00,295
"11/5/2019 20:05:25","31","03",20:00:00,221
"11/5/2019 20:05:54","8","13",20:00:00,218
"11/5/2019 20:07:18","27","12",15:00:00,76
"11/5/2019 20:08:46","5","30",08:30:00,48
"11/5/2019 20:29:03","30","10",15:30:00,128
"11/5/2019 20:29:28","25","8",07:45:00,4
"11/5/2019 20:32:07","39","34",17:00:00,98
"11/5/2019 20:32:22","30","10",15:30:00,128
"11/5/2019 20:33:06","39","34",17:01:00,99
"11/5/2019 20:33:40","5","35",08:00:00,16
"11/5/2019 20:37:58","14","25",19:10:00,185
"11/5/2019 20:39:16","21","9",08:15:00,26
"11/5/2019 20:43:04","36","30",07:00:00,1
"11/5/2019 20:43:57","21","09",07:20:00,11
"11/5/2019 20:47:46","30","14",17:00:00,188
"11/5/2019 20:52:28","51","6",19:00:00,283
"11/5/2019 20:53:30","46","16",09:15:00,74
"11/5/2019 20:54:40","9","6",10:50:00,116
"11/5/2019 20:54:54","15","15",17:35:00,160
"11/5/2019 20:58:51","24","16",17:48:00,53
"11/5/2019 21:00:48","46","16",18:45:00,345
"11/5/2019 21:05:17","18","7",08:10:00,35
"11/5/2019 21:19:50","02","07",20:05:00,307
"11/5/2019 21:23:17","21","20",08:33:00,27
"11/5/2019 21:24:25","21","22",08:40:00,35
"11/5/2019 21:24:53","21","20",08:33:00,27
"11/5/2019 21:28:48","8","13",17:30:00,134
"11/5/2019 21:29:47","21","12",16:31:00,99
"11/5/2019 21:32:41","15","16",19:15:00,281
"11/5/2019 21:33:27","2","1",18:30:00,326
"11/5/2019 21:38:16","22","1",19:30:00,432
"11/5/2019 21:42:34","1","1",17:25:00,143
"11/5/2019 21:44:07","5","27",08:00:00,32
"11/5/2019 21:45:27","33","10",18:15:00,131
"11/5/2019 21:47:02","8","26",20:00:00,267
"11/5/2019 21:48:24","8","32",20:00:00,210
"11/5/2019 21:50:34","8","10",08:00:00,403
"11/5/2019 22:00:50","46","4",11:30:00,40
"11/5/2019 22:03:47","2","7",21:15:00,335
"11/5/2019 22:04:41","21","32",16:00:00,138
"11/5/2019 22:06:02","21","32",16:00:00,138
"11/5/2019 22:06:29","25","5",17:30:00,133
"11/5/2019 22:25:53","30","6",19:15:00,274
"11/5/2019 22:27:10","31","4",18:45:00,254
"11/5/2019 22:40:28","36","41",16:20:00,92
"11/5/2019 22:42:12","36","41",16:20:00,92
"11/5/2019 22:45:11","46","3",09:20:00,67
"11/5/2019 23:44:35","55","10",19:13:00,93
"11/6/2019 0:43:24","47","13",11:15:00,41
"11/6/2019 6:52:20","18","10",07:15:00,6
"11/6/2019 7:48:57","22","19",13:30:00,95
"11/6/2019 8:37:54","26","10",18:00:00,106
"11/6/2019 8:58:41","39","45",18:00:00,290
"11/6/2019 9:15:02","1","12",10:50:00,45
"11/6/2019 10:24:52","51","7",17:40:00,119
"11/6/2019 12:34:58","46","1",19:45:00,348
"11/6/2019 12:59:27","8","22",20:00:00,192
"11/6/2019 17:10:24","36","2",14:30:00,94
