ward,Precinct,Register Voters,Ballots Cast,Turnout %
1,1,732,196,26.78%
1,2,682,195,28.59%
1,3,795,212,26.67%
1,4,766,233,30.42%
1,5,764,171,22.38%
1,6,731,218,29.82%
1,7,457,154,33.70%
1,8,703,232,33.00%
1,9,528,204,38.64%
1,10,778,186,23.91%
1,11,739,181,24.49%
1,12,858,228,26.57%
1,13,337,102,30.27%
1,14,700,223,31.86%
1,15,660,197,29.85%
1,16,534,197,36.89%
1,17,653,208,31.85%
1,18,770,225,29.22%
1,19,902,305,33.81%
1,20,624,186,29.81%
1,21,771,176,22.83%
1,22,506,132,26.09%
1,23,941,310,32.94%
1,24,709,172,24.26%
1,25,709,158,22.28%
1,26,639,161,25.20%
1,27,742,172,23.18%
1,28,326,133,40.80%
1,29,668,224,33.53%
1,30,810,254,31.36%
1,31,745,218,29.26%
1,32,662,197,29.76%
1,33,810,236,29.14%
1,34,591,182,30.80%
1,35,773,223,28.85%
1,36,695,195,28.06%
1,37,685,207,30.22%
1,38,656,222,33.84%
1,39,681,181,26.58%
1,40,706,231,32.72%
1,41,429,155,36.13%
1,42,221,58,26.24%
1,43,501,171,34.13%
1,44,543,145,26.70%
1,Total,"29,232","8,566",29.30%
1,,,,
2,WARD 2,,,
2,Precinct,Register Voters,Ballots Cast,Turnout %
2,1,781,187,23.94%
2,2,562,245,43.59%
2,3,751,196,26.10%
2,4,719,205,28.51%
2,5,804,204,25.37%
2,6,760,197,25.92%
2,7,933,199,21.33%
2,8,794,203,25.57%
2,9,683,169,24.74%
2,10,678,258,38.05%
2,11,628,275,43.79%
2,12,714,251,35.15%
2,13,645,340,52.71%
2,14,744,293,39.38%
2,15,697,211,30.27%
2,16,706,165,23.37%
2,17,842,305,36.22%
2,18,599,234,39.07%
2,19,536,254,47.39%
2,20,835,156,18.68%
2,21,730,236,32.33%
2,22,731,282,38.58%
2,23,536,249,46.46%
2,24,686,213,31.05%
2,25,727,199,27.37%
2,26,724,205,28.31%
2,27,644,232,36.02%
2,28,809,253,31.27%
2,29,772,220,28.50%
2,30,646,212,32.82%
2,31,944,344,36.44%
2,32,620,169,27.26%
2,33,935,376,40.21%
2,34,566,242,42.76%
2,35,894,195,21.81%
2,36,559,225,40.25%
2,37,624,274,43.91%
2,38,674,280,41.54%
2,39,570,217,38.07%
2,40,758,185,24.41%
2,41,733,134,18.28%
2,42,721,206,28.57%
2,43,789,273,34.60%
2,44,425,163,38.35%
2,45,752,281,37.37%
2,46,458,123,26.86%
2,Total,"32,438","10,535",32.48%
2,,,,
3,WARD 3,,,
3,Precinct,Register Voters,Ballots Cast,Turnout %
3,1,1041,301,28.91%
3,2,763,434,56.88%
3,3,792,296,37.37%
3,4,798,294,36.84%
3,5,706,196,27.76%
3,6,795,261,32.83%
3,7,622,276,44.37%
3,8,798,200,25.06%
3,9,733,298,40.65%
3,10,653,157,24.04%
3,11,772,255,33.03%
3,12,722,335,46.40%
3,13,788,305,38.71%
3,14,701,202,28.82%
3,15,757,234,30.91%
3,16,833,242,29.05%
3,17,795,263,33.08%
3,18,1183,342,28.91%
3,19,729,227,31.14%
3,20,848,266,31.37%
3,21,807,312,38.66%
3,22,811,228,28.11%
3,23,774,253,32.69%
3,24,791,254,32.11%
3,25,931,291,31.26%
3,26,778,364,46.79%
3,27,778,226,29.05%
3,28,650,249,38.31%
3,29,962,280,29.11%
3,30,773,294,38.03%
3,31,850,300,35.29%
3,32,811,265,32.68%
3,33,818,187,22.86%
3,34,852,298,34.98%
3,35,550,122,22.18%
3,36,649,144,22.19%
3,37,741,221,29.82%
3,38,638,315,49.37%
3,39,749,212,28.30%
3,40,832,305,36.66%
3,41,768,282,36.72%
3,Total,"32,142","10,786",33.56%
3,,,,
4,WARD 4,,,
4,Precinct,Register Voters,Ballots Cast,Turnout %
4,1,800,355,44.38%
4,2,735,281,38.23%
4,3,790,272,34.43%
4,4,985,355,36.04%
4,5,720,327,45.42%
4,6,895,411,45.92%
4,7,848,374,44.10%
4,8,819,365,44.57%
4,9,799,466,58.32%
4,10,849,346,40.75%
4,11,898,302,33.63%
4,12,853,294,34.47%
4,13,599,139,23.21%
4,14,751,312,41.54%
4,15,876,370,42.24%
4,16,822,234,28.47%
4,17,742,268,36.12%
4,18,770,315,40.91%
4,19,925,263,28.43%
4,20,674,299,44.36%
4,21,868,246,28.34%
4,22,762,324,42.52%
4,23,892,374,41.93%
4,24,770,265,34.42%
4,25,725,255,35.17%
4,26,812,337,41.50%
4,27,802,314,39.15%
4,28,703,330,46.94%
4,29,766,249,32.51%
4,30,1055,352,33.36%
4,31,652,393,60.28%
4,32,834,285,34.17%
4,33,827,343,41.48%
4,34,704,272,38.64%
4,35,968,395,40.81%
4,36,849,347,40.87%
4,37,729,293,40.19%
4,38,783,360,45.98%
4,Total,"30,651","12,082",39.42%
4,,,,
5,WARD 5,,,
5,Precinct,Register Voters,Ballots Cast,Turnout %
5,1,773,229,29.62%
5,2,783,226,28.86%
5,3,645,278,43.10%
5,4,785,297,37.83%
5,5,783,296,37.80%
5,6,730,254,34.79%
5,7,590,269,45.59%
5,8,634,303,47.79%
5,9,767,323,42.11%
5,10,760,222,29.21%
5,11,675,338,50.07%
5,12,792,201,25.38%
5,13,741,257,34.68%
5,14,595,317,53.28%
5,15,643,266,41.37%
5,16,858,268,31.24%
5,17,800,232,29.00%
5,18,574,267,46.52%
5,19,659,317,48.10%
5,20,728,343,47.12%
5,21,671,267,39.79%
5,22,672,369,54.91%
5,23,997,449,45.04%
5,24,708,292,41.24%
5,25,771,292,37.87%
5,26,738,260,35.23%
5,27,610,237,38.85%
5,28,781,339,43.41%
5,29,853,350,41.03%
5,30,795,192,24.15%
5,31,736,229,31.11%
5,32,736,355,48.23%
5,33,808,323,39.98%
5,34,733,338,46.11%
5,35,633,317,50.08%
5,36,676,219,32.40%
5,37,699,364,52.07%
5,38,805,253,31.43%
5,39,582,273,46.91%
5,40,672,255,37.95%
5,41,330,206,62.42%
5,Total,"29,321","11,682",39.84%
5,,,,
6,WARD 6,,,
6,Precinct,Register Voters,Ballots Cast,Turnout %
6,1,702,323,46.01%
6,2,699,292,41.77%
6,3,654,306,46.79%
6,4,638,195,30.56%
6,5,765,178,23.27%
6,6,661,274,41.45%
6,7,707,242,34.23%
6,8,653,290,44.41%
6,9,820,224,27.32%
6,10,663,144,21.72%
6,11,752,232,30.85%
6,12,765,150,19.61%
6,13,585,221,37.78%
6,14,759,263,34.65%
6,15,924,203,21.97%
6,16,694,311,44.81%
6,17,704,180,25.57%
6,18,684,208,30.41%
6,19,691,246,35.60%
6,20,662,134,20.24%
6,21,666,159,23.87%
6,22,683,183,26.79%
6,23,711,148,20.82%
6,24,638,151,23.67%
6,25,685,145,21.17%
6,26,770,160,20.78%
6,27,693,145,20.92%
6,28,674,136,20.18%
6,29,669,329,49.18%
6,30,784,200,25.51%
6,31,660,287,43.48%
6,32,697,258,37.02%
6,33,720,277,38.47%
6,34,671,273,40.69%
6,35,631,267,42.31%
6,36,661,289,43.72%
6,37,658,330,50.15%
6,38,693,319,46.03%
6,39,791,244,30.85%
6,40,662,236,35.65%
6,41,699,259,37.05%
6,42,816,263,32.23%
6,43,712,243,34.13%
6,44,771,296,38.39%
6,45,708,284,40.11%
6,46,561,221,39.39%
6,47,657,193,29.38%
6,48,735,251,34.15%
6,Total,"33,658","11,162",33.16%
6,,,,
7,WARD 7,,,
7,Precinct,Register Voters,Ballots Cast,Turnout %
7,1,713,209,29.31%
7,2,855,204,23.86%
7,3,628,251,39.97%
7,4,641,239,37.29%
7,5,661,230,34.80%
7,6,783,294,37.55%
7,7,760,181,23.82%
7,8,675,252,37.33%
7,9,1012,454,44.86%
7,10,706,262,37.11%
7,11,783,245,31.29%
7,12,735,212,28.84%
7,13,517,198,38.30%
7,14,766,243,31.72%
7,15,736,278,37.77%
7,16,751,186,24.77%
7,17,699,185,26.47%
7,18,743,204,27.46%
7,19,694,220,31.70%
7,20,678,168,24.78%
7,21,750,175,23.33%
7,22,716,208,29.05%
7,23,653,278,42.57%
7,24,736,254,34.51%
7,25,779,205,26.32%
7,26,565,213,37.70%
7,27,640,223,34.84%
7,28,620,179,28.87%
7,29,661,212,32.07%
7,30,719,177,24.62%
7,31,595,148,24.87%
7,32,761,393,51.64%
7,33,749,373,49.80%
7,34,776,315,40.59%
7,35,748,241,32.22%
7,36,776,324,41.75%
7,37,724,303,41.85%
7,38,661,181,27.38%
7,39,663,223,33.63%
7,40,649,255,39.29%
7,41,731,223,30.51%
7,42,670,219,32.69%
7,43,703,243,34.57%
7,44,720,207,28.75%
7,45,843,228,27.05%
7,46,271,134,49.45%
7,Total,"32,415","10,849",33.47%
7,,,,
8,WARD 8,,,
8,Precinct,Register Voters,Ballots Cast,Turnout %
8,1,720,183,25.42%
8,2,837,229,27.36%
8,3,672,329,48.96%
8,4,647,306,47.30%
8,5,664,339,51.05%
8,6,739,264,35.72%
8,7,763,325,42.60%
8,8,626,305,48.72%
8,9,453,184,40.62%
8,10,694,361,52.02%
8,11,667,256,38.38%
8,12,619,228,36.83%
8,13,900,288,32.00%
8,14,687,130,18.92%
8,15,701,227,32.38%
8,16,344,72,20.93%
8,17,538,246,45.72%
8,18,897,210,23.41%
8,19,746,347,46.51%
8,20,743,286,38.49%
8,21,889,285,32.06%
8,22,676,239,35.36%
8,23,691,208,30.10%
8,24,364,171,46.98%
8,25,752,233,30.98%
8,26,803,235,29.27%
8,27,661,303,45.84%
8,28,747,280,37.48%
8,29,862,290,33.64%
8,30,766,291,37.99%
8,31,612,212,34.64%
8,32,560,225,40.18%
8,33,689,261,37.88%
8,34,668,260,38.92%
8,35,716,316,44.13%
8,36,710,282,39.72%
8,37,525,250,47.62%
8,38,545,179,32.84%
8,39,690,270,39.13%
8,40,509,196,38.51%
8,41,731,259,35.43%
8,42,836,319,38.16%
8,43,459,133,28.98%
8,44,525,178,33.90%
8,45,784,185,23.60%
8,46,591,198,33.50%
8,47,606,227,37.46%
8,48,788,220,27.92%
8,49,668,267,39.97%
8,50,696,303,43.53%
8,51,665,289,43.46%
8,52,829,368,44.39%
8,53,395,156,39.49%
8,54,712,171,24.02%
8,55,428,161,37.62%
8,56,691,285,41.24%
8,Total,"37,496","13,820",36.86%
8,,,,
9,WARD 9,,,
9,Precinct,Register Voters,Ballots Cast,Turnout %
9,1,763,246,32.24%
9,2,672,218,32.44%
9,3,825,148,17.94%
9,4,606,190,31.35%
9,5,707,242,34.23%
9,6,697,255,36.59%
9,7,648,169,26.08%
9,8,864,207,23.96%
9,9,760,298,39.21%
9,10,688,202,29.36%
9,11,637,184,28.89%
9,12,743,282,37.95%
9,13,707,312,44.13%
9,14,767,347,45.24%
9,15,1029,159,15.45%
9,16,675,235,34.81%
9,17,716,188,26.26%
9,18,640,158,24.69%
9,19,673,221,32.84%
9,20,719,287,39.92%
9,21,703,226,32.15%
9,22,673,281,41.75%
9,23,693,286,41.27%
9,24,697,273,39.17%
9,25,682,255,37.39%
9,26,935,153,16.36%
9,27,705,224,31.77%
9,28,650,125,19.23%
9,29,724,232,32.04%
9,30,638,201,31.50%
9,31,729,203,27.85%
9,32,706,238,33.71%
9,33,700,184,26.29%
9,34,740,193,26.08%
9,35,668,269,40.27%
9,36,704,212,30.11%
9,37,773,329,42.56%
9,38,694,234,33.72%
9,39,725,260,35.86%
9,40,770,293,38.05%
9,41,632,221,34.97%
9,42,701,305,43.51%
9,43,790,205,25.95%
9,44,584,240,41.10%
9,45,666,187,28.08%
9,46,776,254,32.73%
9,47,691,323,46.74%
9,48,708,278,39.27%
9,49,671,235,35.02%
9,50,756,363,48.02%
9,51,634,269,42.43%
9,Total,"36,454","12,099",33.19%
9,,,,
10,WARD 10,,,
10,Precinct,Register Voters,Ballots Cast,Turnout %
10,1,688,243,35.32%
10,2,660,324,49.09%
10,3,709,315,44.43%
10,4,827,194,23.46%
10,5,673,257,38.19%
10,6,608,245,40.30%
10,7,630,198,31.43%
10,8,620,130,20.97%
10,9,691,339,49.06%
10,10,685,341,49.78%
10,11,923,346,37.49%
10,12,498,196,39.36%
10,13,884,297,33.60%
10,14,897,425,47.38%
10,15,1263,482,38.16%
10,16,608,208,34.21%
10,17,871,429,49.25%
10,18,640,147,22.97%
10,19,728,340,46.70%
10,20,739,340,46.01%
10,21,814,321,39.43%
10,22,549,161,29.33%
10,23,692,279,40.32%
10,24,649,355,54.70%
10,25,270,79,29.26%
10,26,758,181,23.88%
10,27,1032,236,22.87%
10,28,839,363,43.27%
10,29,736,254,34.51%
10,30,742,248,33.42%
10,31,711,216,30.38%
10,32,735,286,38.91%
10,33,583,208,35.68%
10,34,675,158,23.41%
10,35,747,406,54.35%
10,36,198,79,39.90%
10,Total,"25,572","9,626",37.64%
10,,,,
11,WARD 11,,,
11,Precinct,Register Voters,Ballots Cast,Turnout %
11,1,772,321,41.58%
11,2,894,33,3.69%
11,3,631,199,31.54%
11,4,741,289,39.00%
11,5,1006,278,27.63%
11,6,835,249,29.82%
11,7,704,185,26.28%
11,8,787,252,32.02%
11,9,820,255,31.10%
11,10,833,280,33.61%
11,11,832,304,36.54%
11,12,962,572,59.46%
11,13,943,490,51.96%
11,14,505,177,35.05%
11,15,352,127,36.08%
11,16,694,225,32.42%
11,17,748,290,38.77%
11,18,713,269,37.73%
11,19,941,341,36.24%
11,20,572,234,40.91%
11,21,813,477,58.67%
11,22,961,393,40.89%
11,23,422,204,48.34%
11,24,740,463,62.57%
11,25,646,297,45.98%
11,26,838,418,49.88%
11,27,455,102,22.42%
11,28,455,179,39.34%
11,29,774,395,51.03%
11,30,594,144,24.24%
11,31,704,344,48.86%
11,32,349,192,55.01%
11,33,737,210,28.49%
11,34,302,127,42.05%
11,35,246,138,56.10%
11,36,449,140,31.18%
11,37,331,100,30.21%
11,38,369,95,25.75%
11,Total,"25,470","9,788",38.43%
11,,,,
12,WARD 12,,,
12,Precinct,Register Voters,Ballots Cast,Turnout %
12,1,662,287,43.35%
12,2,681,184,27.02%
12,3,765,307,40.13%
12,4,676,245,36.24%
12,5,740,231,31.22%
12,6,815,227,27.85%
12,7,789,196,24.84%
12,8,819,252,30.77%
12,9,651,200,30.72%
12,10,815,201,24.66%
12,11,811,218,26.88%
12,12,806,193,23.95%
12,13,823,220,26.73%
12,14,786,177,22.52%
12,15,846,219,25.89%
12,16,809,178,22.00%
12,17,847,234,27.63%
12,18,845,188,22.25%
12,19,733,220,30.01%
12,20,849,234,27.56%
12,21,785,234,29.81%
12,22,862,166,19.26%
12,23,715,241,33.71%
12,Total,"17,930","5,052",28.18%
12,,,,
13,WARD 13,,,
13,Precinct,Register Voters,Ballots Cast,Turnout %
13,1,445,237,53.26%
13,2,436,262,60.09%
13,3,429,136,31.70%
13,4,580,298,51.38%
13,5,616,273,44.32%
13,6,467,277,59.31%
13,7,472,189,40.04%
13,8,396,206,52.02%
13,9,562,198,35.23%
13,10,477,262,54.93%
13,11,558,300,53.76%
13,12,519,191,36.80%
13,13,511,232,45.40%
13,14,512,211,41.21%
13,15,741,346,46.69%
13,16,399,160,40.10%
13,17,473,232,49.05%
13,18,444,206,46.40%
13,19,618,230,37.22%
13,20,366,166,45.36%
13,21,576,321,55.73%
13,22,565,269,47.61%
13,23,436,168,38.53%
13,24,464,212,45.69%
13,25,558,242,43.37%
13,26,523,264,50.48%
13,27,475,216,45.47%
13,28,440,182,41.36%
13,29,412,185,44.90%
13,30,377,156,41.38%
13,31,587,273,46.51%
13,32,484,250,51.65%
13,33,461,238,51.63%
13,34,520,281,54.04%
13,35,433,213,49.19%
13,36,317,132,41.64%
13,37,571,285,49.91%
13,38,435,245,56.32%
13,39,511,233,45.60%
13,40,429,196,45.69%
13,41,551,232,42.11%
13,42,517,286,55.32%
13,43,493,277,56.19%
13,44,573,366,63.87%
13,45,553,284,51.36%
13,46,632,245,38.77%
13,47,583,226,38.77%
13,48,435,227,52.18%
13,Total,"23,932","11,316",47.28%
13,,,,
14,WARD 14,,,
14,Precinct,Register Voters,Ballots Cast,Turnout %
14,1,666,349,52.40%
14,2,840,316,37.62%
14,3,646,199,30.80%
14,4,584,246,42.12%
14,5,913,282,30.89%
14,6,303,112,36.96%
14,7,763,220,28.83%
14,8,750,210,28.00%
14,9,699,296,42.35%
14,10,488,155,31.76%
14,11,377,135,35.81%
14,12,642,217,33.80%
14,13,484,189,39.05%
14,14,598,188,31.44%
14,15,667,199,29.84%
14,16,531,176,33.15%
14,17,538,223,41.45%
14,18,268,88,32.84%
14,19,611,184,30.11%
14,20,498,139,27.91%
14,21,608,211,34.70%
14,22,820,231,28.17%
14,23,519,215,41.43%
14,24,680,341,50.15%
14,25,432,136,31.48%
14,26,490,122,24.90%
14,27,615,195,31.71%
14,28,512,142,27.73%
14,29,549,175,31.88%
14,30,373,80,21.45%
14,31,358,115,32.12%
14,Total,"17,822","6,086",34.15%
14,,,,
15,WARD 15,,,
15,Precinct,Register Voters,Ballots Cast,Turnout %
15,1,768,233,30.34%
15,2,658,143,21.73%
15,3,663,162,24.43%
15,4,788,226,28.68%
15,5,816,189,23.16%
15,6,849,225,26.50%
15,7,743,188,25.30%
15,8,729,219,30.04%
15,9,901,274,30.41%
15,10,875,247,28.23%
15,11,845,233,27.57%
15,12,787,259,32.91%
15,13,811,182,22.44%
15,14,776,148,19.07%
15,15,742,161,21.70%
15,16,766,216,28.20%
15,17,646,197,30.50%
15,18,720,168,23.33%
15,19,708,221,31.21%
15,20,755,170,22.52%
15,21,613,162,26.43%
15,22,769,178,23.15%
15,23,774,179,23.13%
15,24,731,146,19.97%
15,Total,"18,233","4,726",25.92%
15,,,,
16,WARD 16,,,
16,Precinct,Register Voters,Ballots Cast,Turnout %
16,1,776,184,23.71%
16,2,746,200,26.81%
16,3,712,173,24.30%
16,4,744,177,23.79%
16,5,742,152,20.49%
16,6,724,191,26.38%
16,7,708,166,23.45%
16,8,633,118,18.64%
16,9,781,211,27.02%
16,10,715,187,26.15%
16,11,725,162,22.34%
16,12,729,131,17.97%
16,13,777,146,18.79%
16,14,688,157,22.82%
16,15,756,195,25.79%
16,16,688,195,28.34%
16,17,787,146,18.55%
16,18,751,198,26.36%
16,19,729,168,23.05%
16,20,692,156,22.54%
16,21,750,149,19.87%
16,22,773,147,19.02%
16,23,751,152,20.24%
16,24,454,132,29.07%
16,25,760,224,29.47%
16,26,688,183,26.60%
16,27,691,163,23.59%
16,28,738,212,28.73%
16,29,760,177,23.29%
16,30,733,175,23.87%
16,31,724,226,31.22%
16,32,758,153,20.18%
16,33,751,226,30.09%
16,34,742,189,25.47%
16,35,796,151,18.97%
16,36,599,159,26.54%
16,Total,"26,071","6,231",23.90%
16,,,,
17,WARD 17,,,
17,Precinct,Register Voters,Ballots Cast,Turnout %
17,1,665,215,32.33%
17,2,802,201,25.06%
17,3,827,217,26.24%
17,4,840,276,32.86%
17,5,685,215,31.39%
17,6,768,174,22.66%
17,7,748,137,18.32%
17,8,808,208,25.74%
17,9,782,234,29.92%
17,10,784,253,32.27%
17,11,699,195,27.90%
17,12,858,204,23.78%
17,13,716,195,27.23%
17,14,762,210,27.56%
17,15,828,230,27.78%
17,16,775,156,20.13%
17,17,770,189,24.55%
17,18,731,271,37.07%
17,19,674,139,20.62%
17,20,740,306,41.35%
17,21,745,336,45.10%
17,22,729,222,30.45%
17,23,633,157,24.80%
17,24,789,297,37.64%
17,25,682,152,22.29%
17,26,835,286,34.25%
17,27,785,213,27.13%
17,28,691,201,29.09%
17,29,770,253,32.86%
17,30,634,174,27.44%
17,31,696,146,20.98%
17,32,723,178,24.62%
17,33,684,157,22.95%
17,34,719,177,24.62%
17,35,715,212,29.65%
17,36,729,260,35.67%
17,37,684,187,27.34%
17,38,899,260,28.92%
17,39,708,238,33.62%
17,40,728,229,31.46%
17,41,759,277,36.50%
17,Total,"30,599","8,837",28.88%
17,,,,
18,WARD 18,,,
18,Precinct,Register Voters,Ballots Cast,Turnout %
18,1,609,181,29.72%
18,2,651,201,30.88%
18,3,580,238,41.03%
18,4,631,277,43.90%
18,5,596,184,30.87%
18,6,529,221,41.78%
18,7,678,266,39.23%
18,8,645,281,43.57%
18,9,573,280,48.87%
18,10,723,358,49.52%
18,11,575,197,34.26%
18,12,594,252,42.42%
18,13,667,294,44.08%
18,14,655,255,38.93%
18,15,734,264,35.97%
18,16,636,262,41.19%
18,17,666,244,36.64%
18,18,608,283,46.55%
18,19,647,280,43.28%
18,20,611,237,38.79%
18,21,720,343,47.64%
18,22,697,345,49.50%
18,23,643,194,30.17%
18,24,632,206,32.59%
18,25,613,219,35.73%
18,26,666,348,52.25%
18,27,639,191,29.89%
18,28,602,244,40.53%
18,29,664,225,33.89%
18,30,663,227,34.24%
18,31,627,255,40.67%
18,32,663,274,41.33%
18,33,588,212,36.05%
18,34,677,383,56.57%
18,35,646,332,51.39%
18,36,661,235,35.55%
18,37,667,294,44.08%
18,38,633,263,41.55%
18,39,627,164,26.16%
18,40,649,295,45.45%
18,41,693,300,43.29%
18,42,669,198,29.60%
18,43,538,184,34.20%
18,44,589,236,40.07%
18,45,689,220,31.93%
18,46,675,254,37.63%
18,47,575,161,28.00%
18,48,600,190,31.67%
18,49,546,163,29.85%
18,50,624,184,29.49%
18,Total,"31,783","12,394",39.00%
18,,,,
19,WARD 19,,,
19,Precinct,Register Voters,Ballots Cast,Turnout %
19,1,543,318,58.56%
19,2,751,437,58.19%
19,3,495,240,48.48%
19,4,700,380,54.29%
19,5,616,377,61.20%
19,6,636,339,53.30%
19,7,581,319,54.91%
19,8,691,340,49.20%
19,9,432,255,59.03%
19,10,684,387,56.58%
19,11,645,326,50.54%
19,12,532,277,52.07%
19,13,712,357,50.14%
19,14,684,348,50.88%
19,15,833,427,51.26%
19,16,640,325,50.78%
19,17,544,294,54.04%
19,18,533,307,57.60%
19,19,718,401,55.85%
19,20,580,257,44.31%
19,21,672,353,52.53%
19,22,614,352,57.33%
19,23,600,332,55.33%
19,24,448,256,57.14%
19,25,564,310,54.96%
19,26,613,331,54.00%
19,27,594,312,52.53%
19,28,736,348,47.28%
19,29,682,293,42.96%
19,30,585,267,45.64%
19,31,498,297,59.64%
19,32,579,297,51.30%
19,33,628,324,51.59%
19,34,556,326,58.63%
19,35,486,286,58.85%
19,36,813,346,42.56%
19,37,571,297,52.01%
19,38,541,286,52.87%
19,39,250,80,32.00%
19,40,610,330,54.10%
19,41,591,292,49.41%
19,42,466,259,55.58%
19,43,863,379,43.92%
19,44,712,351,49.30%
19,45,572,343,59.97%
19,46,645,356,55.19%
19,47,810,461,56.91%
19,48,856,316,36.92%
19,49,714,403,56.44%
19,50,498,248,49.80%
19,51,647,382,59.04%
19,52,709,327,46.12%
19,53,566,313,55.30%
19,54,520,248,47.69%
19,55,571,282,49.39%
19,56,594,371,62.46%
19,57,492,283,57.52%
19,Total,"35,016","18,348",52.40%
19,,,,
20,WARD 20,,,
20,Precinct,Register Voters,Ballots Cast,Turnout %
20,1,659,183,27.77%
20,2,471,108,22.93%
20,3,653,177,27.11%
20,4,507,91,17.95%
20,5,811,225,27.74%
20,6,506,97,19.17%
20,7,866,178,20.55%
20,8,691,236,34.15%
20,9,776,285,36.73%
20,10,660,165,25.00%
20,11,941,254,26.99%
20,12,642,123,19.16%
20,13,1000,251,25.10%
20,14,412,171,41.50%
20,15,835,148,17.72%
20,16,690,261,37.83%
20,17,666,135,20.27%
20,18,663,174,26.24%
20,19,796,227,28.52%
20,20,635,126,19.84%
20,21,742,163,21.97%
20,22,744,300,40.32%
20,23,831,254,30.57%
20,24,670,215,32.09%
20,25,717,193,26.92%
20,26,602,242,40.20%
20,27,523,145,27.72%
20,28,560,170,30.36%
20,29,883,298,33.75%
20,30,427,114,26.70%
20,31,832,223,26.80%
20,32,858,228,26.57%
20,33,579,136,23.49%
20,34,675,274,40.59%
20,35,914,141,15.43%
20,36,379,81,21.37%
20,37,303,80,26.40%
20,38,380,92,24.21%
20,39,163,37,22.70%
20,Total,"25,662","7,001",27.28%
20,,,,
21,WARD 21,,,
21,Precinct,Register Voters,Ballots Cast,Turnout %
21,1,728,292,40.11%
21,2,669,184,27.50%
21,3,727,273,37.55%
21,4,819,245,29.91%
21,5,727,304,41.82%
21,6,680,230,33.82%
21,7,665,298,44.81%
21,8,692,261,37.72%
21,9,702,318,45.30%
21,10,711,251,35.30%
21,11,732,258,35.25%
21,12,706,250,35.41%
21,13,765,202,26.41%
21,14,789,325,41.19%
21,15,671,209,31.15%
21,16,687,238,34.64%
21,17,744,220,29.57%
21,18,751,275,36.62%
21,19,754,271,35.94%
21,20,675,240,35.56%
21,21,689,216,31.35%
21,22,681,259,38.03%
21,23,648,251,38.73%
21,24,712,258,36.24%
21,25,630,259,41.11%
21,26,768,226,29.43%
21,27,707,269,38.05%
21,28,891,310,34.79%
21,29,742,271,36.52%
21,30,677,194,28.66%
21,31,456,197,43.20%
21,32,691,244,35.31%
21,33,747,239,31.99%
21,34,786,236,30.03%
21,35,724,283,39.09%
21,36,692,281,40.61%
21,37,613,233,38.01%
21,38,726,202,27.82%
21,39,629,189,30.05%
21,40,648,213,32.87%
21,41,718,276,38.44%
21,42,773,291,37.65%
21,43,766,260,33.94%
21,44,738,263,35.64%
21,45,746,254,34.05%
21,46,722,273,37.81%
21,47,721,224,31.07%
21,48,684,253,36.99%
21,49,751,288,38.35%
21,50,704,222,31.53%
21,51,726,287,39.53%
21,52,750,266,35.47%
21,53,573,196,34.21%
21,54,621,212,34.14%
21,Total,"38,244","13,539",35.40%
21,,,,
22,WARD 22,,,
22,Precinct,Register Voters,Ballots Cast,Turnout %
22,1,454,157,34.58%
22,2,723,272,37.62%
22,3,1048,269,25.67%
22,4,596,182,30.54%
22,5,786,220,27.99%
22,6,800,248,31.00%
22,7,535,149,27.85%
22,8,775,273,35.23%
22,9,721,186,25.80%
22,10,955,299,31.31%
22,11,765,193,25.23%
22,12,657,234,35.62%
22,13,802,214,26.68%
22,14,805,190,23.60%
22,15,659,160,24.28%
22,16,653,186,28.48%
22,17,874,221,25.29%
22,18,756,185,24.47%
22,19,409,92,22.49%
22,20,773,188,24.32%
22,21,894,279,31.21%
22,22,802,187,23.32%
22,23,922,313,33.95%
22,24,960,266,27.71%
22,25,783,223,28.48%
22,Total,"18,907","5,386",28.49%
22,,,,
23,WARD 23,,,
23,Precinct,Register Voters,Ballots Cast,Turnout %
23,1,533,355,66.60%
23,2,564,272,48.23%
23,3,562,323,57.47%
23,4,600,352,58.67%
23,5,577,196,33.97%
23,6,620,274,44.19%
23,7,562,173,30.78%
23,8,666,314,47.15%
23,9,523,184,35.18%
23,10,658,254,38.60%
23,11,655,227,34.66%
23,12,545,338,62.02%
23,13,548,161,29.38%
23,14,526,283,53.80%
23,15,581,169,29.09%
23,16,540,307,56.85%
23,17,533,131,24.58%
23,18,547,257,46.98%
23,19,599,176,29.38%
23,20,550,131,23.82%
23,21,558,344,61.65%
23,22,601,279,46.42%
23,23,539,281,52.13%
23,24,571,180,31.52%
23,25,640,211,32.97%
23,26,632,283,44.78%
23,27,499,330,66.13%
23,28,579,309,53.37%
23,29,526,248,47.15%
23,30,631,240,38.03%
23,31,547,184,33.64%
23,32,605,234,38.68%
23,33,677,193,28.51%
23,34,642,193,30.06%
23,35,450,232,51.56%
23,36,544,354,65.07%
23,37,544,311,57.17%
23,38,509,269,52.85%
23,39,616,194,31.49%
23,Total,"22,399","9,746",43.51%
23,,,,
24,WARD 24,,,
24,Precinct,Register Voters,Ballots Cast,Turnout %
24,1,743,205,27.59%
24,2,788,196,24.87%
24,3,844,187,22.16%
24,4,563,161,28.60%
24,5,454,137,30.18%
24,6,712,207,29.07%
24,7,411,102,24.82%
24,8,457,147,32.17%
24,9,762,186,24.41%
24,10,425,95,22.35%
24,11,879,215,24.46%
24,12,479,127,26.51%
24,13,459,128,27.89%
24,14,755,196,25.96%
24,15,476,127,26.68%
24,16,765,195,25.49%
24,17,621,156,25.12%
24,18,777,234,30.12%
24,19,832,222,26.68%
24,20,632,184,29.11%
24,21,413,129,31.23%
24,22,903,259,28.68%
24,23,735,186,25.31%
24,24,1023,247,24.14%
24,25,732,189,25.82%
24,26,841,313,37.22%
24,27,766,215,28.07%
24,28,580,167,28.79%
24,29,483,161,33.33%
24,30,407,112,27.52%
24,31,794,207,26.07%
24,32,435,124,28.51%
24,33,475,108,22.74%
24,34,737,181,24.56%
24,35,632,216,34.18%
24,36,908,255,28.08%
24,37,463,112,24.19%
24,38,568,184,32.39%
24,39,769,265,34.46%
24,40,814,187,22.97%
24,41,538,167,31.04%
24,Total,"26,850","7,391",27.53%
24,,,,
25,WARD 25,,,
25,Precinct,Register Voters,Ballots Cast,Turnout %
25,1,647,239,36.94%
25,2,760,257,33.82%
25,3,828,207,25.00%
25,4,709,200,28.21%
25,5,774,248,32.04%
25,6,695,109,15.68%
25,7,813,270,33.21%
25,8,776,271,34.92%
25,9,820,283,34.51%
25,10,828,186,22.46%
25,11,838,286,34.13%
25,12,742,251,33.83%
25,13,846,281,33.22%
25,14,737,188,25.51%
25,15,724,266,36.74%
25,16,845,179,21.18%
25,17,762,310,40.68%
25,18,899,302,33.59%
25,19,919,282,30.69%
25,20,758,199,26.25%
25,21,928,263,28.34%
25,22,757,261,34.48%
25,23,786,303,38.55%
25,24,804,267,33.21%
25,25,684,264,38.60%
25,26,793,272,34.30%
25,27,818,184,22.49%
25,28,794,278,35.01%
25,29,746,261,34.99%
25,30,787,244,31.00%
25,31,841,187,22.24%
25,32,736,246,33.42%
25,Total,"25,194","7,844",31.13%
25,,,,
26,WARD 26,,,
26,Precinct,Register Voters,Ballots Cast,Turnout %
26,1,609,169,27.75%
26,2,593,175,29.51%
26,3,574,170,29.62%
26,4,556,143,25.72%
26,5,515,150,29.13%
26,6,634,168,26.50%
26,7,453,122,26.93%
26,8,402,82,20.40%
26,9,593,164,27.66%
26,10,530,151,28.49%
26,11,546,177,32.42%
26,12,602,170,28.24%
26,13,425,113,26.59%
26,14,432,109,25.23%
26,15,482,86,17.84%
26,16,444,98,22.07%
26,17,445,159,35.73%
26,18,508,154,30.31%
26,19,455,101,22.20%
26,20,571,173,30.30%
26,21,772,212,27.46%
26,22,445,109,24.49%
26,23,474,108,22.78%
26,24,553,167,30.20%
26,25,511,165,32.29%
26,26,469,95,20.26%
26,27,619,186,30.05%
26,28,606,221,36.47%
26,29,387,90,23.26%
26,30,383,133,34.73%
26,31,358,99,27.65%
26,32,604,166,27.48%
26,33,556,168,30.22%
26,34,586,200,34.13%
26,35,541,190,35.12%
26,36,507,148,29.19%
26,37,591,151,25.55%
26,38,375,106,28.27%
26,39,594,172,28.96%
26,40,380,78,20.53%
26,41,603,216,35.82%
26,42,424,144,33.96%
26,43,459,96,20.92%
26,44,352,98,27.84%
26,45,412,64,15.53%
26,46,366,98,26.78%
26,47,511,124,24.27%
26,48,482,157,32.57%
26,49,420,99,23.57%
26,Total,"24,709","6,894",27.90%
26,,,,
27,WARD 27,,,
27,Precinct,Register Voters,Ballots Cast,Turnout %
27,1,739,152,20.57%
27,2,771,270,35.02%
27,3,567,116,20.46%
27,4,456,116,25.44%
27,5,676,160,23.67%
27,6,578,167,28.89%
27,7,818,232,28.36%
27,8,719,166,23.09%
27,9,305,97,31.80%
27,10,772,268,34.72%
27,11,616,146,23.70%
27,12,432,116,26.85%
27,13,898,333,37.08%
27,14,506,108,21.34%
27,15,685,138,20.15%
27,16,602,159,26.41%
27,17,736,210,28.53%
27,18,680,180,26.47%
27,19,686,147,21.43%
27,20,629,145,23.05%
27,21,555,161,29.01%
27,22,623,131,21.03%
27,23,611,179,29.30%
27,24,752,153,20.35%
27,25,673,178,26.45%
27,26,603,206,34.16%
27,27,805,196,24.35%
27,28,273,120,43.96%
27,29,740,151,20.41%
27,30,459,126,27.45%
27,31,628,166,26.43%
27,32,626,161,25.72%
27,33,671,162,24.14%
27,34,704,214,30.40%
27,35,687,172,25.04%
27,36,520,146,28.08%
27,37,657,268,40.79%
27,38,917,359,39.15%
27,39,510,180,35.29%
27,40,826,232,28.09%
27,41,712,235,33.01%
27,42,415,145,34.94%
27,43,661,160,24.21%
27,44,729,173,23.73%
27,45,724,209,28.87%
27,46,434,135,31.11%
27,47,512,209,40.82%
27,48,898,250,27.84%
27,49,612,139,22.71%
27,50,679,186,27.39%
27,Total,"32,087","8,928",27.82%
27,,,,
28,WARD 28,,,
28,Precinct,Register Voters,Ballots Cast,Turnout %
28,1,677,135,19.94%
28,2,686,159,23.18%
28,3,596,142,23.83%
28,4,532,138,25.94%
28,5,340,144,42.35%
28,6,252,138,54.76%
28,7,881,166,18.84%
28,8,488,93,19.06%
28,9,912,192,21.05%
28,10,698,200,28.65%
28,11,1172,266,22.70%
28,12,796,187,23.49%
28,13,666,200,30.03%
28,14,752,195,25.93%
28,15,244,86,35.25%
28,16,525,106,20.19%
28,17,687,154,22.42%
28,18,454,166,36.56%
28,19,553,164,29.66%
28,20,656,183,27.90%
28,21,590,159,26.95%
28,22,606,156,25.74%
28,23,974,208,21.36%
28,24,754,147,19.50%
28,25,849,236,27.80%
28,26,920,186,20.22%
28,27,547,180,32.91%
28,28,644,209,32.45%
28,29,623,83,13.32%
28,30,90,40,44.44%
28,31,990,276,27.88%
28,32,772,178,23.06%
28,33,895,207,23.13%
28,34,1278,265,20.74%
28,35,922,203,22.02%
28,36,492,127,25.81%
28,37,1059,225,21.25%
28,38,459,115,25.05%
28,39,583,122,20.93%
28,40,951,211,22.19%
28,41,637,141,22.14%
28,42,828,184,22.22%
28,43,975,210,21.54%
28,44,636,136,21.38%
28,45,706,121,17.14%
28,46,1062,285,26.84%
28,Total,"32,409","7,824",24.14%
28,,,,
29,WARD 29,,,
29,Precinct,Register Voters,Ballots Cast,Turnout %
29,1,746,343,45.98%
29,2,1169,380,32.51%
29,3,973,274,28.16%
29,4,921,275,29.86%
29,5,770,221,28.70%
29,6,838,184,21.96%
29,7,635,250,39.37%
29,8,814,139,17.08%
29,9,718,353,49.16%
29,10,753,387,51.39%
29,11,503,139,27.63%
29,12,833,287,34.45%
29,13,873,247,28.29%
29,14,754,273,36.21%
29,15,818,296,36.19%
29,16,848,282,33.25%
29,17,701,207,29.53%
29,18,801,231,28.84%
29,19,804,253,31.47%
29,20,1019,332,32.58%
29,21,1083,250,23.08%
29,22,733,188,25.65%
29,23,714,261,36.55%
29,24,703,207,29.45%
29,25,833,288,34.57%
29,26,720,272,37.78%
29,27,685,241,35.18%
29,28,1012,318,31.42%
29,29,786,224,28.50%
29,30,732,343,46.86%
29,31,771,225,29.18%
29,32,742,212,28.57%
29,33,499,235,47.09%
29,34,444,164,36.94%
29,35,668,176,26.35%
29,36,662,236,35.65%
29,37,740,228,30.81%
29,38,740,201,27.16%
29,39,780,193,24.74%
29,40,829,294,35.46%
29,41,707,241,34.09%
29,42,898,253,28.17%
29,43,746,319,42.76%
29,44,997,309,30.99%
29,Total,"34,515","11,231",32.54%
29,,,,
30,WARD 30,,,
30,Precinct,Register Voters,Ballots Cast,Turnout %
30,1,749,191,25.50%
30,2,783,216,27.59%
30,3,477,152,31.87%
30,4,740,182,24.59%
30,5,679,121,17.82%
30,6,606,161,26.57%
30,7,754,196,25.99%
30,8,814,211,25.92%
30,9,678,155,22.86%
30,10,868,194,22.35%
30,11,697,146,20.95%
30,12,729,154,21.12%
30,13,696,153,21.98%
30,14,577,110,19.06%
30,15,542,228,42.07%
30,16,426,86,20.19%
30,17,746,203,27.21%
30,18,798,174,21.80%
30,19,788,149,18.91%
30,20,720,211,29.31%
30,21,569,178,31.28%
30,22,862,192,22.27%
30,23,786,152,19.34%
30,24,828,169,20.41%
30,25,905,205,22.65%
30,26,516,110,21.32%
30,27,470,112,23.83%
30,28,679,209,30.78%
30,29,523,90,17.21%
30,30,373,61,16.35%
30,31,463,138,29.81%
30,32,498,137,27.51%
30,Total,"21,339","5,146",24.12%
30,,,,
31,WARD 31,,,
31,Precinct,Register Voters,Ballots Cast,Turnout %
31,1,599,149,24.87%
31,2,472,139,29.45%
31,3,527,148,28.08%
31,4,564,172,30.50%
31,5,488,160,32.79%
31,6,431,158,36.66%
31,7,573,139,24.26%
31,8,459,102,22.22%
31,9,596,135,22.65%
31,10,519,126,24.28%
31,11,467,114,24.41%
31,12,495,127,25.66%
31,13,608,142,23.36%
31,14,479,129,26.93%
31,15,476,128,26.89%
31,16,604,198,32.78%
31,17,541,165,30.50%
31,18,528,160,30.30%
31,19,449,131,29.18%
31,20,479,136,28.39%
31,21,507,143,28.21%
31,22,495,129,26.06%
31,23,503,135,26.84%
31,24,553,193,34.90%
31,25,535,121,22.62%
31,26,531,175,32.96%
31,27,619,169,27.30%
31,28,503,117,23.26%
31,29,582,202,34.71%
31,30,449,94,20.94%
31,31,472,153,32.42%
31,32,478,126,26.36%
31,33,480,135,28.13%
31,34,528,135,25.57%
31,35,573,174,30.37%
31,36,512,179,34.96%
31,37,493,139,28.19%
31,38,554,129,23.29%
31,39,559,147,26.30%
31,40,569,149,26.19%
31,41,580,128,22.07%
31,Total,"21,429","5,930",27.67%
31,,,,
32,WARD 32,,,
32,Precinct,Register Voters,Ballots Cast,Turnout %
32,1,881,184,20.89%
32,2,686,172,25.07%
32,3,755,289,38.28%
32,4,685,213,31.09%
32,5,690,213,30.87%
32,6,693,164,23.67%
32,7,745,198,26.58%
32,8,818,166,20.29%
32,9,745,213,28.59%
32,10,792,198,25.00%
32,11,607,241,39.70%
32,12,599,217,36.23%
32,13,747,173,23.16%
32,14,641,207,32.29%
32,15,708,199,28.11%
32,16,659,217,32.93%
32,17,705,245,34.75%
32,18,653,171,26.19%
32,19,705,173,24.54%
32,20,700,271,38.71%
32,21,707,248,35.08%
32,22,832,285,34.25%
32,23,696,213,30.60%
32,24,626,100,15.97%
32,25,728,189,25.96%
32,26,740,256,34.59%
32,27,626,198,31.63%
32,28,747,239,31.99%
32,29,682,239,35.04%
32,30,703,156,22.19%
32,31,683,191,27.96%
32,32,727,205,28.20%
32,33,724,196,27.07%
32,34,697,184,26.40%
32,35,686,180,26.24%
32,36,701,183,26.11%
32,37,701,158,22.54%
32,38,687,171,24.89%
32,39,761,173,22.73%
32,40,722,215,29.78%
32,41,736,194,26.36%
32,42,717,183,25.52%
32,43,626,216,34.50%
32,Total,"30,469","8,696",28.54%
32,,,,
33,WARD 33,,,
33,Precinct,Register Voters,Ballots Cast,Turnout %
33,1,815,273,33.50%
33,2,944,351,37.18%
33,3,866,311,35.91%
33,4,915,285,31.15%
33,5,738,219,29.67%
33,6,765,244,31.90%
33,7,853,309,36.23%
33,8,895,468,52.29%
33,9,800,298,37.25%
33,10,748,325,43.45%
33,11,778,279,35.86%
33,12,842,292,34.68%
33,13,703,254,36.13%
33,14,479,118,24.63%
33,15,853,336,39.39%
33,16,1073,414,38.58%
33,17,847,318,37.54%
33,18,1014,309,30.47%
33,19,859,245,28.52%
33,20,840,319,37.98%
33,21,828,293,35.39%
33,22,763,358,46.92%
33,23,760,317,41.71%
33,24,897,492,54.85%
33,25,957,338,35.32%
33,26,611,199,32.57%
33,27,785,224,28.54%
33,28,681,215,31.57%
33,Total,"22,909","8,403",36.68%
33,,,,
34,WARD 34,,,
34,Precinct,Register Voters,Ballots Cast,Turnout %
34,1,732,305,41.67%
34,2,673,243,36.11%
34,3,804,257,31.97%
34,4,695,209,30.07%
34,5,701,231,32.95%
34,6,763,317,41.55%
34,7,725,300,41.38%
34,8,696,191,27.44%
34,9,794,197,24.81%
34,10,709,259,36.53%
34,11,806,201,24.94%
34,12,769,288,37.45%
34,13,738,276,37.40%
34,14,716,196,27.37%
34,15,784,177,22.58%
34,16,779,196,25.16%
34,17,873,310,35.51%
34,18,795,191,24.03%
34,19,855,242,28.30%
34,20,764,333,43.59%
34,21,778,349,44.86%
34,22,675,267,39.56%
34,23,656,214,32.62%
34,24,727,215,29.57%
34,25,753,300,39.84%
34,26,819,279,34.07%
34,27,730,217,29.73%
34,28,668,160,23.95%
34,29,660,199,30.15%
34,30,600,288,48.00%
34,31,793,184,23.20%
34,32,758,238,31.40%
34,33,745,210,28.19%
34,34,724,276,38.12%
34,35,818,261,31.91%
34,36,649,258,39.75%
34,37,683,155,22.69%
34,38,709,149,21.02%
34,39,763,188,24.64%
34,40,800,265,33.13%
34,41,628,183,29.14%
34,42,650,277,42.62%
34,43,597,255,42.71%
34,44,700,263,37.57%
34,45,760,271,35.66%
34,46,465,179,38.49%
34,47,777,225,28.96%
34,48,718,303,42.20%
34,49,914,316,34.57%
34,50,728,212,29.12%
34,51,693,308,44.44%
34,52,494,220,44.53%
34,53,669,130,19.43%
34,Total,"38,472","12,733",33.10%
34,,,,
35,WARD 35,,,
35,Precinct,Register Voters,Ballots Cast,Turnout %
35,1,723,243,33.61%
35,2,669,293,43.80%
35,3,693,191,27.56%
35,4,678,261,38.50%
35,5,654,190,29.05%
35,6,702,184,26.21%
35,7,617,214,34.68%
35,8,661,184,27.84%
35,9,727,257,35.35%
35,10,745,279,37.45%
35,11,783,237,30.27%
35,12,687,136,19.80%
35,13,695,147,21.15%
35,14,699,169,24.18%
35,15,815,259,31.78%
35,16,678,136,20.06%
35,17,680,206,30.29%
35,18,676,202,29.88%
35,19,675,137,20.30%
35,20,673,151,22.44%
35,21,730,192,26.30%
35,22,777,228,29.34%
35,23,719,223,31.02%
35,24,655,187,28.55%
35,25,675,223,33.04%
35,26,686,184,26.82%
35,27,675,195,28.89%
35,28,731,206,28.18%
35,29,779,181,23.23%
35,30,780,210,26.92%
35,31,709,243,34.27%
35,Total,"21,846","6,348",29.06%
35,,,,
36,WARD 36,,,
36,Precinct,Register Voters,Ballots Cast,Turnout %
36,1,720,222,30.83%
36,2,696,180,25.86%
36,3,605,208,34.38%
36,4,774,202,26.10%
36,5,759,216,28.46%
36,6,697,172,24.68%
36,7,731,327,44.73%
36,8,634,146,23.03%
36,9,743,156,21.00%
36,10,794,217,27.33%
36,11,621,133,21.42%
36,12,668,128,19.16%
36,13,594,139,23.40%
36,14,732,242,33.06%
36,15,729,270,37.04%
36,16,709,240,33.85%
36,17,740,262,35.41%
36,18,697,238,34.15%
36,19,802,228,28.43%
36,20,713,233,32.68%
36,21,719,160,22.25%
36,22,689,122,17.71%
36,23,677,165,24.37%
36,24,749,222,29.64%
36,25,731,158,21.61%
36,26,691,200,28.94%
36,27,627,198,31.58%
36,28,707,225,31.82%
36,29,813,279,34.32%
36,30,732,232,31.69%
36,Total,"21,293","6,120",28.74%
36,,,,
37,WARD 37,,,
37,Precinct,Register Voters,Ballots Cast,Turnout %
37,1,707,208,29.42%
37,2,640,129,20.16%
37,3,712,151,21.21%
37,4,693,192,27.71%
37,5,803,256,31.88%
37,6,804,242,30.10%
37,7,668,161,24.10%
37,8,699,134,19.17%
37,9,852,214,25.12%
37,10,803,248,30.88%
37,11,747,160,21.42%
37,12,702,159,22.65%
37,13,670,158,23.58%
37,14,811,223,27.50%
37,15,824,240,29.13%
37,16,802,251,31.30%
37,17,739,170,23.00%
37,18,766,220,28.72%
37,19,801,142,17.73%
37,20,768,158,20.57%
37,21,732,193,26.37%
37,22,811,200,24.66%
37,23,750,247,32.93%
37,24,799,204,25.53%
37,25,775,220,28.39%
37,26,771,278,36.06%
37,27,791,213,26.93%
37,28,624,183,29.33%
37,29,794,237,29.85%
37,30,825,195,23.64%
37,31,811,248,30.58%
37,32,749,218,29.11%
37,33,808,236,29.21%
37,34,793,207,26.10%
37,35,787,249,31.64%
37,36,821,191,23.26%
37,37,851,214,25.15%
37,38,792,255,32.20%
37,39,780,198,25.38%
37,40,781,243,31.11%
37,41,682,233,34.16%
37,Total,"31,338","8,478",27.05%
37,,,,
38,WARD 38,,,
38,Precinct,Register Voters,Ballots Cast,Turnout %
38,1,645,238,36.90%
38,2,709,412,58.11%
38,3,765,249,32.55%
38,4,678,302,44.54%
38,5,724,293,40.47%
38,6,772,268,34.72%
38,7,745,321,43.09%
38,8,712,261,36.66%
38,9,791,336,42.48%
38,10,654,219,33.49%
38,11,620,225,36.29%
38,12,739,326,44.11%
38,13,791,320,40.46%
38,14,776,264,34.02%
38,15,664,237,35.69%
38,16,721,286,39.67%
38,17,804,342,42.54%
38,18,759,282,37.15%
38,19,798,276,34.59%
38,20,771,285,36.96%
38,21,687,224,32.61%
38,22,664,247,37.20%
38,23,726,295,40.63%
38,24,757,369,48.75%
38,25,628,209,33.28%
38,26,743,269,36.20%
38,27,755,292,38.68%
38,28,818,355,43.40%
38,29,731,255,34.88%
38,30,783,296,37.80%
38,31,657,285,43.38%
38,32,714,226,31.65%
38,33,709,227,32.02%
38,34,692,233,33.67%
38,35,727,259,35.63%
38,36,691,222,32.13%
38,37,702,285,40.60%
38,38,722,255,35.32%
38,39,750,296,39.47%
38,40,682,261,38.27%
38,41,617,267,43.27%
38,Total,"29,593","11,369",38.42%
38,,,,
39,WARD 39,,,
39,Precinct,Register Voters,Ballots Cast,Turnout %
39,1,600,287,47.83%
39,2,632,351,55.54%
39,3,688,245,35.61%
39,4,618,287,46.44%
39,5,709,285,40.20%
39,6,715,256,35.80%
39,7,600,246,41.00%
39,8,768,309,40.23%
39,9,724,257,35.50%
39,10,318,133,41.82%
39,11,669,248,37.07%
39,12,925,283,30.59%
39,13,727,228,31.36%
39,14,653,199,30.47%
39,15,763,330,43.25%
39,16,700,173,24.71%
39,17,698,307,43.98%
39,18,725,257,35.45%
39,19,668,270,40.42%
39,20,808,332,41.09%
39,21,662,248,37.46%
39,22,654,175,26.76%
39,23,698,302,43.27%
39,24,790,391,49.49%
39,25,687,176,25.62%
39,26,674,281,41.69%
39,27,105,64,60.95%
39,28,742,309,41.64%
39,29,428,114,26.64%
39,30,796,304,38.19%
39,31,697,209,29.99%
39,32,746,240,32.17%
39,33,849,259,30.51%
39,34,768,265,34.51%
39,35,687,290,42.21%
39,36,311,115,36.98%
39,37,600,326,54.33%
39,38,334,182,54.49%
39,39,408,175,42.89%
39,40,628,240,38.22%
39,41,699,349,49.93%
39,42,637,321,50.39%
39,43,685,312,45.55%
39,44,522,244,46.74%
39,45,620,290,46.77%
39,Total,"29,135","11,464",39.35%
39,,,,
40,WARD 40,,,
40,Precinct,Register Voters,Ballots Cast,Turnout %
40,1,700,210,30.00%
40,2,740,234,31.62%
40,3,779,264,33.89%
40,4,518,170,32.82%
40,5,735,257,34.97%
40,6,743,263,35.40%
40,7,617,291,47.16%
40,8,848,309,36.44%
40,9,646,210,32.51%
40,10,880,242,27.50%
40,11,700,296,42.29%
40,12,516,160,31.01%
40,13,783,297,37.93%
40,14,751,196,26.10%
40,15,764,230,30.10%
40,16,768,286,37.24%
40,17,643,241,37.48%
40,18,720,181,25.14%
40,19,925,321,34.70%
40,20,783,224,28.61%
40,21,745,308,41.34%
40,22,671,223,33.23%
40,23,810,327,40.37%
40,24,765,196,25.62%
40,25,745,269,36.11%
40,26,687,295,42.94%
40,27,930,334,35.91%
40,28,708,287,40.54%
40,29,698,298,42.69%
40,30,641,337,52.57%
40,31,710,286,40.28%
40,32,717,284,39.61%
40,33,610,281,46.07%
40,34,702,263,37.46%
40,35,706,186,26.35%
40,36,597,250,41.88%
40,37,747,256,34.27%
40,38,753,293,38.91%
40,39,299,66,22.07%
40,Total,"27,800","9,921",35.69%
40,,,,
41,WARD 41,,,
41,Precinct,Register Voters,Ballots Cast,Turnout %
41,1,660,332,50.30%
41,2,700,361,51.57%
41,3,690,308,44.64%
41,4,683,375,54.90%
41,5,806,314,38.96%
41,6,743,364,48.99%
41,7,733,407,55.53%
41,8,701,340,48.50%
41,9,747,309,41.37%
41,10,695,381,54.82%
41,11,789,366,46.39%
41,12,798,312,39.10%
41,13,800,365,45.63%
41,14,729,363,49.79%
41,15,861,383,44.48%
41,16,676,300,44.38%
41,17,713,319,44.74%
41,18,657,308,46.88%
41,19,742,383,51.62%
41,20,682,283,41.50%
41,21,740,326,44.05%
41,22,731,346,47.33%
41,23,821,329,40.07%
41,24,737,299,40.57%
41,25,875,141,16.11%
41,26,664,347,52.26%
41,27,746,203,27.21%
41,28,852,191,22.42%
41,29,768,153,19.92%
41,30,744,325,43.68%
41,31,735,410,55.78%
41,32,585,251,42.91%
41,33,695,298,42.88%
41,34,636,275,43.24%
41,35,798,369,46.24%
41,36,676,304,44.97%
41,37,781,339,43.41%
41,38,708,285,40.25%
41,39,716,343,47.91%
41,40,733,402,54.84%
41,41,747,347,46.45%
41,42,706,333,47.17%
41,43,702,330,47.01%
41,44,724,369,50.97%
41,45,690,282,40.87%
41,46,705,372,52.77%
41,47,719,314,43.67%
41,Total,"34,339","15,156",44.14%
41,,,,
42,WARD 42,,,
42,Precinct,Register Voters,Ballots Cast,Turnout %
42,1,711,305,42.90%
42,2,819,181,22.10%
42,3,726,172,23.69%
42,4,1148,314,27.35%
42,5,665,139,20.90%
42,6,688,368,53.49%
42,7,854,282,33.02%
42,8,665,273,41.05%
42,9,879,205,23.32%
42,10,668,188,28.14%
42,11,544,233,42.83%
42,12,618,198,32.04%
42,13,636,351,55.19%
42,14,768,155,20.18%
42,15,693,126,18.18%
42,16,685,203,29.64%
42,17,828,193,23.31%
42,18,770,154,20.00%
42,19,866,282,32.56%
42,20,717,136,18.97%
42,21,576,144,25.00%
42,22,440,113,25.68%
42,23,769,178,23.15%
42,24,746,245,32.84%
42,25,817,227,27.78%
42,26,773,232,30.01%
42,27,517,222,42.94%
42,28,775,329,42.45%
42,29,744,180,24.19%
42,30,589,275,46.69%
42,31,718,203,28.27%
42,32,757,147,19.42%
42,33,768,201,26.17%
42,34,725,267,36.83%
42,35,967,298,30.82%
42,36,1099,204,18.56%
42,37,591,118,19.97%
42,38,704,184,26.14%
42,39,822,139,16.91%
42,40,862,192,22.27%
42,41,736,187,25.41%
42,42,866,237,27.37%
42,Total,"31,309","8,980",28.68%
42,,,,
43,WARD 43,,,
43,Precinct,Register Voters,Ballots Cast,Turnout %
43,1,421,155,36.82%
43,2,689,246,35.70%
43,3,749,284,37.92%
43,4,886,237,26.75%
43,5,583,197,33.79%
43,6,560,159,28.39%
43,7,498,200,40.16%
43,8,609,220,36.12%
43,9,819,320,39.07%
43,10,830,253,30.48%
43,11,641,175,27.30%
43,12,434,164,37.79%
43,13,643,259,40.28%
43,14,718,290,40.39%
43,15,732,247,33.74%
43,16,789,221,28.01%
43,17,564,198,35.11%
43,18,731,276,37.76%
43,19,752,282,37.50%
43,20,719,309,42.98%
43,21,749,271,36.18%
43,22,468,141,30.13%
43,23,483,108,22.36%
43,24,610,200,32.79%
43,25,551,255,46.28%
43,26,465,216,46.45%
43,27,581,264,45.44%
43,28,901,298,33.07%
43,29,651,244,37.48%
43,30,917,230,25.08%
43,31,764,289,37.83%
43,32,732,290,39.62%
43,33,786,311,39.57%
43,34,482,206,42.74%
43,35,874,341,39.02%
43,36,383,86,22.45%
43,37,740,196,26.49%
43,38,706,273,38.67%
43,39,638,199,31.19%
43,40,555,143,25.77%
43,41,873,309,35.40%
43,42,693,224,32.32%
43,43,789,338,42.84%
43,44,672,257,38.24%
43,45,439,192,43.74%
43,46,385,114,29.61%
43,Total,"30,254","10,687",35.32%
43,,,,
44,WARD 44,,,
44,Precinct,Register Voters,Ballots Cast,Turnout %
44,1,1032,377,36.53%
44,2,754,205,27.19%
44,3,455,272,59.78%
44,4,694,324,46.69%
44,5,698,213,30.52%
44,6,847,219,25.86%
44,7,528,240,45.45%
44,8,847,268,31.64%
44,9,691,171,24.75%
44,10,759,163,21.48%
44,11,772,210,27.20%
44,12,729,265,36.35%
44,13,624,167,26.76%
44,14,660,176,26.67%
44,15,679,211,31.08%
44,16,799,229,28.66%
44,17,835,310,37.13%
44,18,835,200,23.95%
44,19,796,293,36.81%
44,20,680,148,21.76%
44,21,751,221,29.43%
44,22,735,294,40.00%
44,23,662,171,25.83%
44,24,585,291,49.74%
44,25,683,192,28.11%
44,26,715,209,29.23%
44,27,759,230,30.30%
44,28,670,251,37.46%
44,29,799,193,24.16%
44,30,786,211,26.84%
44,31,678,191,28.17%
44,32,798,259,32.46%
44,33,611,211,34.53%
44,34,791,272,34.39%
44,35,780,348,44.62%
44,36,691,197,28.51%
44,37,743,268,36.07%
44,38,717,192,26.78%
44,39,682,171,25.07%
44,40,656,231,35.21%
44,41,797,239,29.99%
44,Total,"29,803","9,503",31.89%
44,,,,
45,WARD 45,,,
45,Precinct,Register Voters,Ballots Cast,Turnout %
45,1,504,212,42.06%
45,2,572,200,34.97%
45,3,530,232,43.77%
45,4,740,344,46.49%
45,5,703,319,45.38%
45,6,793,364,45.90%
45,7,874,397,45.42%
45,8,734,266,36.24%
45,9,751,272,36.22%
45,10,761,295,38.76%
45,11,582,190,32.65%
45,12,675,269,39.85%
45,13,587,299,50.94%
45,14,930,341,36.67%
45,15,814,428,52.58%
45,16,608,263,43.26%
45,17,772,315,40.80%
45,18,804,301,37.44%
45,19,423,165,39.01%
45,20,539,185,34.32%
45,21,633,301,47.55%
45,22,684,277,40.50%
45,23,723,302,41.77%
45,24,626,266,42.49%
45,25,436,217,49.77%
45,26,440,168,38.18%
45,27,684,271,39.62%
45,28,567,240,42.33%
45,29,517,201,38.88%
45,30,637,250,39.25%
45,31,558,251,44.98%
45,32,665,254,38.20%
45,33,485,179,36.91%
45,34,753,302,40.11%
45,35,724,347,47.93%
45,36,708,343,48.45%
45,37,685,283,41.31%
45,38,699,251,35.91%
45,39,728,281,38.60%
45,40,678,306,45.13%
45,41,652,315,48.31%
45,42,666,343,51.50%
45,43,710,350,49.30%
45,44,673,324,48.14%
45,45,504,224,44.44%
45,46,533,207,38.84%
45,47,527,245,46.49%
45,48,600,238,39.67%
45,Total,"31,191","13,193",42.30%
45,,,,
46,WARD 46,,,
46,Precinct,Register Voters,Ballots Cast,Turnout %
46,1,731,280,38.30%
46,2,674,254,37.69%
46,3,744,330,44.35%
46,4,716,298,41.62%
46,5,804,225,27.99%
46,6,680,253,37.21%
46,7,753,414,54.98%
46,8,717,234,32.64%
46,9,687,256,37.26%
46,10,913,235,25.74%
46,11,752,259,34.44%
46,12,628,261,41.56%
46,13,697,244,35.01%
46,14,897,351,39.13%
46,15,719,252,35.05%
46,16,736,274,37.23%
46,17,785,344,43.82%
46,18,728,245,33.65%
46,19,456,213,46.71%
46,20,806,285,35.36%
46,21,691,190,27.50%
46,22,653,239,36.60%
46,23,745,221,29.66%
46,24,717,296,41.28%
46,25,740,271,36.62%
46,26,682,225,32.99%
46,27,748,258,34.49%
46,28,666,336,50.45%
46,29,647,245,37.87%
46,30,669,266,39.76%
46,31,651,215,33.03%
46,32,861,322,37.40%
46,33,728,306,42.03%
46,34,806,268,33.25%
46,35,872,304,34.86%
46,36,640,282,44.06%
46,37,526,211,40.11%
46,38,754,229,30.37%
46,39,659,235,35.66%
46,40,598,267,44.65%
46,Total,"28,676","10,693",37.29%
46,,,,
47,WARD 47,,,
47,Precinct,Register Voters,Ballots Cast,Turnout %
47,1,447,121,27.07%
47,2,771,345,44.75%
47,3,740,379,51.22%
47,4,781,303,38.80%
47,5,743,268,36.07%
47,6,792,238,30.05%
47,7,664,220,33.13%
47,8,722,288,39.89%
47,9,607,193,31.80%
47,10,806,275,34.12%
47,11,716,187,26.12%
47,12,695,297,42.73%
47,13,664,268,40.36%
47,14,637,270,42.39%
47,15,760,281,36.97%
47,16,712,315,44.24%
47,17,706,240,33.99%
47,18,683,242,35.43%
47,19,822,265,32.24%
47,20,654,291,44.50%
47,21,648,260,40.12%
47,22,707,323,45.69%
47,23,738,251,34.01%
47,24,631,218,34.55%
47,25,749,239,31.91%
47,26,763,255,33.42%
47,27,647,227,35.09%
47,28,679,310,45.66%
47,29,724,267,36.88%
47,30,791,278,35.15%
47,31,726,253,34.85%
47,32,751,284,37.82%
47,33,669,224,33.48%
47,34,714,322,45.10%
47,35,696,252,36.21%
47,36,708,299,42.23%
47,37,733,293,39.97%
47,38,682,255,37.39%
47,39,688,288,41.86%
47,40,643,327,50.86%
47,41,759,296,39.00%
47,42,643,239,37.17%
47,43,690,221,32.03%
47,44,733,269,36.70%
47,45,636,275,43.24%
47,46,681,266,39.06%
47,47,788,259,32.87%
47,48,79,52,65.82%
47,Total,"33,218","12,588",37.90%
47,,,,
48,WARD 48,,,
48,Precinct,Register Voters,Ballots Cast,Turnout %
48,1,627,221,35.25%
48,2,331,139,41.99%
48,3,810,254,31.36%
48,4,548,247,45.07%
48,5,379,214,56.46%
48,6,796,264,33.17%
48,7,684,223,32.60%
48,8,404,164,40.59%
48,9,483,209,43.27%
48,10,851,330,38.78%
48,11,561,248,44.21%
48,12,811,285,35.14%
48,13,865,368,42.54%
48,14,395,194,49.11%
48,15,493,166,33.67%
48,16,789,263,33.33%
48,17,628,281,44.75%
48,18,645,268,41.55%
48,19,514,188,36.58%
48,20,754,296,39.26%
48,21,946,319,33.72%
48,22,566,325,57.42%
48,23,761,372,48.88%
48,24,833,269,32.29%
48,25,575,264,45.91%
48,26,409,131,32.03%
48,27,1128,197,17.46%
48,28,909,349,38.39%
48,29,359,228,63.51%
48,30,555,229,41.26%
48,31,1019,301,29.54%
48,32,627,202,32.22%
48,33,367,221,60.22%
48,34,588,251,42.69%
48,35,779,219,28.11%
48,36,391,226,57.80%
48,37,726,227,31.27%
48,38,647,320,49.46%
48,39,591,248,41.96%
48,40,548,220,40.15%
48,41,811,243,29.96%
48,42,758,272,35.88%
48,43,799,280,35.04%
48,44,771,270,35.02%
48,45,486,170,34.98%
48,46,470,199,42.34%
48,Total,"29,787","11,374",38.18%
48,,,,
49,WARD 49,,,
49,Precinct,Register Voters,Ballots Cast,Turnout %
49,1,657,161,24.51%
49,2,473,189,39.96%
49,3,880,319,36.25%
49,4,867,304,35.06%
49,5,795,298,37.48%
49,6,651,228,35.02%
49,7,626,250,39.94%
49,8,651,217,33.33%
49,9,714,273,38.24%
49,10,711,275,38.68%
49,11,835,315,37.72%
49,12,873,306,35.05%
49,13,808,316,39.11%
49,14,729,273,37.45%
49,15,607,192,31.63%
49,16,794,324,40.81%
49,17,564,250,44.33%
49,18,888,335,37.73%
49,19,744,228,30.65%
49,20,1002,388,38.72%
49,21,549,177,32.24%
49,22,833,326,39.14%
49,23,845,293,34.67%
49,24,782,216,27.62%
49,25,859,336,39.12%
49,26,857,323,37.69%
49,27,866,266,30.72%
49,28,889,297,33.41%
49,29,801,315,39.33%
49,30,842,290,34.44%
49,31,596,226,37.92%
49,32,818,297,36.31%
49,33,699,228,32.62%
49,Total,"25,105","9,031",35.97%
49,,,,
50,WARD 50,,,
50,Precinct,Register Voters,Ballots Cast,Turnout %
50,1,650,262,40.31%
50,2,477,154,32.29%
50,3,590,247,41.86%
50,4,764,259,33.90%
50,5,562,215,38.26%
50,6,828,270,32.61%
50,7,708,330,46.61%
50,8,655,197,30.08%
50,9,640,207,32.34%
50,10,821,215,26.19%
50,11,510,159,31.18%
50,12,266,131,49.25%
50,13,913,192,21.03%
50,14,197,93,47.21%
50,15,668,295,44.16%
50,16,206,104,50.49%
50,17,769,183,23.80%
50,18,136,76,55.88%
50,19,581,160,27.54%
50,20,705,259,36.74%
50,21,579,174,30.05%
50,22,695,180,25.90%
50,23,598,157,26.25%
50,24,728,217,29.81%
50,25,752,233,30.98%
50,26,852,216,25.35%
50,27,179,90,50.28%
50,28,840,257,30.60%
50,29,732,167,22.81%
50,30,568,175,30.81%
50,31,921,213,23.13%
50,32,853,213,24.97%
50,33,539,200,37.11%
50,34,808,300,37.13%
50,35,723,264,36.51%
50,36,654,245,37.46%
50,37,611,231,37.81%
50,38,261,156,59.77%
50,39,597,149,24.96%
50,40,778,273,35.09%
50,Total,"24,914","8,118",32.58%
