Ward,Precinct,Register Voters,Ballots Cast,Turnout %
1,1,808,248,30.69%
1,2,809,187,23.11%
1,3,831,270,32.49%
1,4,904,261,28.87%
1,5,809,248,30.66%
1,6,846,225,26.60%
1,7,536,168,31.34%
1,8,771,245,31.78%
1,9,619,244,39.42%
1,10,937,242,25.83%
1,11,837,248,29.63%
1,12,958,291,30.38%
1,13,393,124,31.55%
1,14,734,253,34.47%
1,15,749,248,33.11%
1,16,799,257,32.17%
1,17,714,231,32.35%
1,18,888,277,31.19%
1,19,859,295,34.34%
1,20,634,207,32.65%
1,21,935,263,28.13%
1,22,569,175,30.76%
1,23,966,362,37.47%
1,24,883,227,25.71%
1,25,824,210,25.49%
1,26,697,157,22.53%
1,27,827,249,30.11%
1,28,297,111,37.37%
1,29,806,264,32.75%
1,30,939,299,31.84%
1,31,840,271,32.26%
1,32,779,232,29.78%
1,33,934,282,30.19%
1,34,656,220,33.54%
1,35,975,289,29.64%
1,36,804,229,28.48%
1,37,818,238,29.10%
1,38,755,256,33.91%
1,39,743,227,30.55%
1,40,818,278,33.99%
1,41,444,176,39.64%
1,42,238,69,28.99%
1,43,545,156,28.62%
1,44,632,228,36.08%
1,Total,"33,159","10,237",30.87%
,,,,
,WARD 2,,,
,Precinct,Register Voters,Ballots Cast,Turnout %
2,1,922,237,25.70%
2,2,601,221,36.77%
2,3,894,284,31.77%
2,4,745,196,26.31%
2,5,889,271,30.48%
2,6,817,196,23.99%
2,7,1400,223,15.93%
2,8,985,251,25.48%
2,9,693,159,22.94%
2,10,671,224,33.38%
2,11,787,275,34.94%
2,12,764,263,34.42%
2,13,695,227,32.66%
2,14,814,293,36.00%
2,15,832,238,28.61%
2,16,794,222,27.96%
2,17,885,315,35.59%
2,18,726,218,30.03%
2,19,560,188,33.57%
2,20,980,189,19.29%
2,21,841,265,31.51%
2,22,824,232,28.16%
2,23,517,189,36.56%
2,24,694,243,35.01%
2,25,828,237,28.62%
2,26,792,182,22.98%
2,27,690,212,30.72%
2,28,846,232,27.42%
2,29,871,232,26.64%
2,30,677,192,28.36%
2,31,941,308,32.73%
2,32,659,173,26.25%
2,33,1053,391,37.13%
2,34,604,264,43.71%
2,35,1004,214,21.31%
2,36,641,210,32.76%
2,37,647,234,36.17%
2,38,695,212,30.50%
2,39,616,154,25.00%
2,40,952,244,25.63%
2,41,900,147,16.33%
2,42,765,200,26.14%
2,43,956,237,24.79%
2,44,432,147,34.03%
2,45,786,248,31.55%
2,46,494,127,25.71%
2,Total,"36,179","10,416",28.79%
,,,,
,WARD 3,,,
,Precinct,Register Voters,Ballots Cast,Turnout %
3,14,841,249,29.61%
3,15,811,259,31.94%
3,16,807,241,29.86%
3,17,947,281,29.67%
3,18,1274,362,28.41%
3,19,857,278,32.44%
3,20,830,299,36.02%
3,21,832,360,43.27%
3,22,981,290,29.56%
3,23,847,239,28.22%
3,24,783,269,34.36%
3,25,1239,407,32.85%
3,26,839,383,45.65%
3,27,974,294,30.18%
3,28,558,214,38.35%
3,29,1055,280,26.54%
3,30,734,271,36.92%
3,31,880,323,36.70%
3,32,863,301,34.88%
3,33,905,250,27.62%
3,34,967,339,35.06%
3,35,759,106,13.97%
3,36,623,149,23.92%
3,37,726,224,30.85%
3,38,625,318,50.88%
3,39,1117,344,30.80%
3,40,871,307,35.25%
3,41,792,289,36.49%
3,1,1137,385,33.86%
3,2,747,441,59.04%
3,3,814,290,35.63%
3,4,830,314,37.83%
3,5,657,151,22.98%
3,6,909,289,31.79%
3,7,520,271,52.12%
3,8,767,219,28.55%
3,9,780,283,36.28%
3,10,563,139,24.69%
3,11,782,271,34.65%
3,12,678,352,51.92%
3,13,825,332,40.24%
3,Total,"34,346","11,663",33.96%
3,,,,
3,WARD 4,,,
4,Precinct,Register Voters,Ballots Cast,Turnout %
4,1,915,409,44.70%
4,2,915,320,34.97%
4,3,758,270,35.62%
4,4,1014,404,39.84%
4,5,701,327,46.65%
4,6,845,412,48.76%
4,7,918,449,48.91%
4,8,804,375,46.64%
4,9,780,447,57.31%
4,10,891,380,42.65%
4,11,856,280,32.71%
4,12,884,322,36.43%
4,13,768,203,26.43%
4,14,804,338,42.04%
4,15,876,386,44.06%
4,16,1091,350,32.08%
4,17,832,340,40.87%
4,18,782,339,43.35%
4,19,856,213,24.88%
4,20,722,299,41.41%
4,21,801,286,35.71%
4,22,757,332,43.86%
4,23,860,446,51.86%
4,24,758,297,39.18%
4,25,789,291,36.88%
4,26,739,304,41.14%
4,27,884,387,43.78%
4,28,602,260,43.19%
4,29,796,265,33.29%
4,30,1159,369,31.84%
4,31,658,413,62.77%
4,32,863,324,37.54%
4,33,809,326,40.30%
4,34,730,304,41.64%
4,35,950,372,39.16%
4,36,833,358,42.98%
4,37,1285,391,30.43%
4,38,745,365,48.99%
4,Total,"32,030","12,953",40.44%
4,,,,
4,WARD 5,,,
5,Precinct,Register Voters,Ballots Cast,Turnout %
5,1,762,228,29.92%
5,2,713,176,24.68%
5,3,716,311,43.44%
5,4,785,355,45.22%
5,5,723,281,38.87%
5,6,696,245,35.20%
5,7,591,299,50.59%
5,8,675,343,50.81%
5,9,736,365,49.59%
5,10,756,215,28.44%
5,11,681,358,52.57%
5,12,693,194,27.99%
5,13,749,222,29.64%
5,14,578,287,49.65%
5,15,655,262,40.00%
5,16,801,244,30.46%
5,17,777,248,31.92%
5,18,597,289,48.41%
5,19,650,342,52.62%
5,20,691,366,52.97%
5,21,644,303,47.05%
5,22,684,395,57.75%
5,23,1137,517,45.47%
5,24,729,334,45.82%
5,25,722,305,42.24%
5,26,793,302,38.08%
5,27,955,275,28.80%
5,28,790,343,43.42%
5,29,803,306,38.11%
5,30,707,195,27.58%
5,31,678,224,33.04%
5,32,727,370,50.89%
5,33,765,329,43.01%
5,34,734,342,46.59%
5,35,697,344,49.35%
5,36,621,164,26.41%
5,37,701,369,52.64%
5,38,776,273,35.18%
5,39,571,276,48.34%
5,40,614,224,36.48%
5,41,332,214,64.46%
5,Total,"29,205","12,034",41.21%
5,,,,
5,WARD 6,,,
6,Precinct,Register Voters,Ballots Cast,Turnout %
6,1,665,298,44.81%
6,2,659,254,38.54%
6,3,649,299,46.07%
6,4,611,168,27.50%
6,5,656,132,20.12%
6,6,648,265,40.90%
6,7,702,235,33.48%
6,8,643,239,37.17%
6,9,768,185,24.09%
6,10,610,135,22.13%
6,11,694,197,28.39%
6,12,747,147,19.68%
6,13,557,180,32.32%
6,14,707,242,34.23%
6,15,837,167,19.95%
6,16,669,291,43.50%
6,17,692,149,21.53%
6,18,653,144,22.05%
6,19,710,203,28.59%
6,20,596,125,20.97%
6,21,578,120,20.76%
6,22,605,136,22.48%
6,23,578,103,17.82%
6,24,567,126,22.22%
6,25,502,120,23.90%
6,26,722,155,21.47%
6,27,630,112,17.78%
6,28,587,110,18.74%
6,29,647,302,46.68%
6,30,706,174,24.65%
6,31,661,302,45.69%
6,32,647,240,37.09%
6,33,638,245,38.40%
6,34,665,254,38.20%
6,35,607,232,38.22%
6,36,650,317,48.77%
6,37,621,300,48.31%
6,38,680,281,41.32%
6,39,679,195,28.72%
6,40,631,215,34.07%
6,41,658,246,37.39%
6,42,708,207,29.24%
6,43,656,218,33.23%
6,44,703,210,29.87%
6,45,699,254,36.34%
6,46,520,157,30.19%
6,47,574,181,31.53%
6,48,709,234,33.00%
6,Total,"31,301","9,801",31.31%
6,,,,
6,WARD 7,,,
7,Precinct,Register Voters,Ballots Cast,Turnout %
7,1,679,207,30.49%
7,2,801,195,24.34%
7,3,621,284,45.73%
7,4,633,249,39.34%
7,5,619,197,31.83%
7,6,732,289,39.48%
7,7,796,198,24.87%
7,8,608,191,31.41%
7,9,994,407,40.95%
7,10,675,252,37.33%
7,11,787,193,24.52%
7,12,729,201,27.57%
7,13,448,171,38.17%
7,14,799,231,28.91%
7,15,645,237,36.74%
7,16,704,176,25.00%
7,17,639,170,26.60%
7,18,719,192,26.70%
7,19,656,238,36.28%
7,20,652,156,23.93%
7,21,668,182,27.25%
7,22,705,189,26.81%
7,23,581,274,47.16%
7,24,632,188,29.75%
7,25,761,143,18.79%
7,26,533,193,36.21%
7,27,616,200,32.47%
7,28,589,146,24.79%
7,29,624,183,29.33%
7,30,675,156,23.11%
7,31,537,124,23.09%
7,32,747,383,51.27%
7,33,740,365,49.32%
7,34,763,291,38.14%
7,35,765,231,30.20%
7,36,732,294,40.16%
7,37,653,252,38.59%
7,38,665,192,28.87%
7,39,612,213,34.80%
7,40,610,199,32.62%
7,41,708,208,29.38%
7,42,656,218,33.23%
7,43,683,221,32.36%
7,44,681,164,24.08%
7,45,800,181,22.63%
7,46,266,142,53.38%
7,Total,"30,938","9,966",32.21%
7,,,,
7,WARD 8,,,
8,Precinct,Register Voters,Ballots Cast,Turnout %
8,1,634,202,31.86%
8,2,776,209,26.93%
8,3,646,320,49.54%
8,4,632,304,48.10%
8,5,652,310,47.55%
8,6,703,256,36.42%
8,7,728,315,43.27%
8,8,602,289,48.01%
8,9,448,183,40.85%
8,10,713,376,52.73%
8,11,591,228,38.58%
8,12,592,209,35.30%
8,13,820,255,31.10%
8,14,645,140,21.71%
8,15,680,218,32.06%
8,16,275,66,24.00%
8,17,523,235,44.93%
8,18,872,183,20.99%
8,19,700,306,43.71%
8,20,710,295,41.55%
8,21,913,309,33.84%
8,22,635,232,36.54%
8,23,689,197,28.59%
8,24,359,178,49.58%
8,25,711,223,31.36%
8,26,726,228,31.40%
8,27,672,285,42.41%
8,28,715,261,36.50%
8,29,778,307,39.46%
8,30,716,253,35.34%
8,31,567,197,34.74%
8,32,550,192,34.91%
8,33,668,258,38.62%
8,34,633,246,38.86%
8,35,654,275,42.05%
8,36,722,276,38.23%
8,37,481,237,49.27%
8,38,517,155,29.98%
8,39,652,244,37.42%
8,40,529,200,37.81%
8,41,725,249,34.34%
8,42,818,292,35.70%
8,43,382,120,31.41%
8,44,461,156,33.84%
8,45,749,194,25.90%
8,46,554,176,31.77%
8,47,588,204,34.69%
8,48,660,214,32.42%
8,49,652,234,35.89%
8,50,665,275,41.35%
8,51,638,285,44.67%
8,52,793,352,44.39%
8,53,384,144,37.50%
8,54,650,159,24.46%
8,55,496,226,45.56%
8,56,682,284,41.64%
8,Total,"35,726","13,216",36.99%
8,,,,
8,WARD 9,,,
9,Precinct,Register Voters,Ballots Cast,Turnout %
9,1,701,234,33.38%
9,2,624,204,32.69%
9,3,771,146,18.94%
9,4,553,162,29.29%
9,5,651,240,36.87%
9,6,664,209,31.48%
9,7,650,169,26.00%
9,8,843,204,24.20%
9,9,694,270,38.90%
9,10,616,175,28.41%
9,11,604,172,28.48%
9,12,706,282,39.94%
9,13,691,277,40.09%
9,14,739,301,40.73%
9,15,1149,132,11.49%
9,16,629,202,32.11%
9,17,620,153,24.68%
9,18,595,156,26.22%
9,19,653,203,31.09%
9,20,694,259,37.32%
9,21,683,199,29.14%
9,22,682,256,37.54%
9,23,706,296,41.93%
9,24,626,240,38.34%
9,25,657,228,34.70%
9,26,964,166,17.22%
9,27,635,204,32.13%
9,28,663,126,19.00%
9,29,732,196,26.78%
9,30,623,169,27.13%
9,31,715,166,23.22%
9,32,699,234,33.48%
9,33,701,155,22.11%
9,34,700,166,23.71%
9,35,607,235,38.71%
9,36,656,195,29.73%
9,37,851,327,38.43%
9,38,689,205,29.75%
9,39,724,244,33.70%
9,40,740,282,38.11%
9,41,560,172,30.71%
9,42,650,249,38.31%
9,43,774,193,24.94%
9,44,583,211,36.19%
9,45,627,163,26.00%
9,46,709,232,32.72%
9,47,667,281,42.13%
9,48,695,251,36.12%
9,49,699,241,34.48%
9,50,784,356,45.41%
9,51,606,244,40.26%
9,Total,"35,254","11,032",31.29%
9,,,,
9,WARD 10,,,
10,Precinct,Register Voters,Ballots Cast,Turnout %
10,1,622,194,31.19%
10,2,699,181,25.89%
10,3,792,157,19.82%
10,4,779,147,18.87%
10,5,682,124,18.18%
10,6,651,133,20.43%
10,7,635,105,16.54%
10,8,584,92,15.75%
10,9,705,137,19.43%
10,10,745,176,23.62%
10,11,980,176,17.96%
10,12,561,103,18.36%
10,13,881,160,18.16%
10,14,912,192,21.05%
10,15,1285,449,34.94%
10,16,669,118,17.64%
10,17,916,218,23.80%
10,18,577,102,17.68%
10,19,777,151,19.43%
10,20,758,169,22.30%
10,21,835,138,16.53%
10,22,554,96,17.33%
10,23,736,131,17.80%
10,24,703,152,21.62%
10,25,238,58,24.37%
10,26,770,117,15.19%
10,27,949,160,16.86%
10,28,864,169,19.56%
10,29,750,129,17.20%
10,30,802,143,17.83%
10,31,723,107,14.80%
10,32,778,144,18.51%
10,33,638,121,18.97%
10,34,703,94,13.37%
10,35,759,189,24.90%
10,36,210,54,25.71%
10,Total,"26,222","5,286",20.16%
10,,,,
10,WARD 11,,,
11,Precinct,Register Voters,Ballots Cast,Turnout %
11,1,879,251,28.56%
11,2,1106,16,1.45%
11,3,643,214,33.28%
11,4,772,244,31.61%
11,5,1127,308,27.33%
11,6,1026,293,28.56%
11,7,605,197,32.56%
11,8,871,225,25.83%
11,9,845,197,23.31%
11,10,949,231,24.34%
11,11,880,243,27.61%
11,12,1040,360,34.62%
11,13,985,325,32.99%
11,14,591,167,28.26%
11,15,383,117,30.55%
11,16,687,190,27.66%
11,17,876,302,34.47%
11,18,772,215,27.85%
11,19,1008,302,29.96%
11,20,601,181,30.12%
11,21,877,393,44.81%
11,22,1019,290,28.46%
11,23,429,191,44.52%
11,24,752,384,51.06%
11,25,820,280,34.15%
11,26,824,340,41.26%
11,27,476,96,20.17%
11,28,465,100,21.51%
11,29,824,347,42.11%
11,30,610,120,19.67%
11,31,767,278,36.25%
11,32,357,148,41.46%
11,33,783,222,28.35%
11,34,308,122,39.61%
11,35,207,100,48.31%
11,36,447,102,22.82%
11,37,340,93,27.35%
11,38,413,121,29.30%
11,Total,"27,364","8,305",30.35%
11,,,,
11,WARD 12,,,
12,Precinct,Register Voters,Ballots Cast,Turnout %
12,1,744,243,32.66%
12,2,749,189,25.23%
12,3,870,316,36.32%
12,4,753,252,33.47%
12,5,770,225,29.22%
12,6,922,202,21.91%
12,7,842,180,21.38%
12,8,865,246,28.44%
12,9,721,190,26.35%
12,10,927,224,24.16%
12,11,898,199,22.16%
12,12,945,198,20.95%
12,13,925,236,25.51%
12,14,856,183,21.38%
12,15,834,212,25.42%
12,16,880,161,18.30%
12,17,911,212,23.27%
12,18,871,143,16.42%
12,19,821,200,24.36%
12,20,1009,226,22.40%
12,21,877,213,24.29%
12,22,917,176,19.19%
12,23,769,241,31.34%
12,Total,"19,676","4,867",24.74%
12,,,,
12,WARD 13,,,
13,Precinct,Register Voters,Ballots Cast,Turnout %
13,1,493,207,41.99%
13,2,463,227,49.03%
13,3,527,176,33.40%
13,4,629,223,35.45%
13,5,700,242,34.57%
13,6,496,243,48.99%
13,7,506,154,30.43%
13,8,466,176,37.77%
13,9,644,187,29.04%
13,10,470,210,44.68%
13,11,593,247,41.65%
13,12,596,175,29.36%
13,13,553,230,41.59%
13,14,614,184,29.97%
13,15,784,322,41.07%
13,16,472,132,27.97%
13,17,541,194,35.86%
13,18,480,174,36.25%
13,19,778,173,22.24%
13,20,376,129,34.31%
13,21,630,240,38.10%
13,22,622,244,39.23%
13,23,513,153,29.82%
13,24,563,212,37.66%
13,25,618,193,31.23%
13,26,651,186,28.57%
13,27,560,220,39.29%
13,28,506,175,34.58%
13,29,482,158,32.78%
13,30,450,181,40.22%
13,31,644,250,38.82%
13,32,508,191,37.60%
13,33,512,240,46.88%
13,34,664,323,48.64%
13,35,526,227,43.16%
13,36,401,120,29.93%
13,37,657,280,42.62%
13,38,464,207,44.61%
13,39,579,217,37.48%
13,40,605,224,37.02%
13,41,682,210,30.79%
13,42,578,242,41.87%
13,43,585,239,40.85%
13,44,614,254,41.37%
13,45,645,281,43.57%
13,46,737,246,33.38%
13,47,679,213,31.37%
13,48,466,226,48.50%
13,Total,"27,322","10,157",37.18%
13,,,,
13,WARD 14,,,
14,Precinct,Register Voters,Ballots Cast,Turnout %
14,1,695,300,43.17%
14,2,940,273,29.04%
14,3,776,175,22.55%
14,4,637,272,42.70%
14,5,1084,276,25.46%
14,6,363,103,28.37%
14,7,945,206,21.80%
14,8,888,215,24.21%
14,9,763,288,37.75%
14,10,541,134,24.77%
14,11,428,132,30.84%
14,12,759,230,30.30%
14,13,642,195,30.37%
14,14,687,220,32.02%
14,15,792,208,26.26%
14,16,586,158,26.96%
14,17,611,182,29.79%
14,18,301,102,33.89%
14,19,684,209,30.56%
14,20,577,133,23.05%
14,21,715,220,30.77%
14,22,976,268,27.46%
14,23,593,183,30.86%
14,24,717,316,44.07%
14,25,468,132,28.21%
14,26,560,159,28.39%
14,27,722,209,28.95%
14,28,587,145,24.70%
14,29,591,208,35.19%
14,30,461,117,25.38%
14,31,409,110,26.89%
14,Total,"20,498","6,078",29.65%
14,,,,
14,WARD 15,,,
15,Precinct,Register Voters,Ballots Cast,Turnout %
15,1,817,188,23.01%
15,2,556,119,21.40%
15,3,587,130,22.15%
15,4,860,185,21.51%
15,5,893,160,17.92%
15,6,892,168,18.83%
15,7,626,129,20.61%
15,8,794,172,21.66%
15,9,1029,234,22.74%
15,10,1057,236,22.33%
15,11,968,193,19.94%
15,12,912,201,22.04%
15,13,903,166,18.38%
15,14,872,156,17.89%
15,15,798,135,16.92%
15,16,869,204,23.48%
15,17,637,165,25.90%
15,18,613,108,17.62%
15,19,780,201,25.77%
15,20,651,125,19.20%
15,21,535,140,26.17%
15,22,692,130,18.79%
15,23,644,146,22.67%
15,24,626,119,19.01%
15,Total,"18,611","3,910",21.01%
15,,,,
15,WARD 16,,,
16,Precinct,Register Voters,Ballots Cast,Turnout %
16,1,916,203,22.16%
16,2,746,169,22.65%
16,3,635,124,19.53%
16,4,716,136,18.99%
16,5,653,118,18.07%
16,6,684,155,22.66%
16,7,697,140,20.09%
16,8,547,102,18.65%
16,9,695,183,26.33%
16,10,654,134,20.49%
16,11,732,127,17.35%
16,12,694,124,17.87%
16,13,758,125,16.49%
16,14,593,128,21.59%
16,15,670,181,27.01%
16,16,634,170,26.81%
16,17,854,147,17.21%
16,18,704,154,21.88%
16,19,656,126,19.21%
16,20,588,138,23.47%
16,21,677,129,19.05%
16,22,696,123,17.67%
16,23,848,135,15.92%
16,24,389,92,23.65%
16,25,720,189,26.25%
16,26,583,148,25.39%
16,27,599,143,23.87%
16,28,582,176,30.24%
16,29,678,139,20.50%
16,30,597,128,21.44%
16,31,614,190,30.94%
16,32,826,156,18.89%
16,33,638,137,21.47%
16,34,614,126,20.52%
16,35,883,197,22.31%
16,36,481,126,26.20%
16,Total,"24,251","5,218",21.52%
16,,,,
16,WARD 17,,,
17,Precinct,Register Voters,Ballots Cast,Turnout %
17,1,726,169,23.28%
17,2,701,184,26.25%
17,3,746,194,26.01%
17,4,789,274,34.73%
17,5,591,165,27.92%
17,6,785,166,21.15%
17,7,772,120,15.54%
17,8,740,143,19.32%
17,9,530,166,31.32%
17,10,823,283,34.39%
17,11,614,158,25.73%
17,12,930,219,23.55%
17,13,694,193,27.81%
17,14,804,206,25.62%
17,15,813,207,25.46%
17,16,800,151,18.88%
17,17,760,173,22.76%
17,18,696,248,35.63%
17,19,582,118,20.27%
17,20,764,289,37.83%
17,21,723,308,42.60%
17,22,681,188,27.61%
17,23,542,138,25.46%
17,24,737,251,34.06%
17,25,686,135,19.68%
17,26,807,224,27.76%
17,27,732,205,28.01%
17,28,559,157,28.09%
17,29,680,202,29.71%
17,30,703,119,16.93%
17,31,610,114,18.69%
17,32,680,147,21.62%
17,33,601,117,19.47%
17,34,635,150,23.62%
17,35,632,140,22.15%
17,36,677,201,29.69%
17,37,669,174,26.01%
17,38,867,175,20.18%
17,39,668,204,30.54%
17,40,710,246,34.65%
17,41,738,271,36.72%
17,Total,"28,997","7,692",26.53%
17,,,,
17,WARD 18,,,
18,Precinct,Register Voters,Ballots Cast,Turnout %
18,1,636,161,25.31%
18,2,740,152,20.54%
18,3,588,157,26.70%
18,4,670,275,41.04%
18,5,534,143,26.78%
18,6,577,175,30.33%
18,7,749,197,26.30%
18,8,641,229,35.73%
18,9,597,265,44.39%
18,10,749,332,44.33%
18,11,605,182,30.08%
18,12,610,215,35.25%
18,13,682,247,36.22%
18,14,652,233,35.74%
18,15,801,238,29.71%
18,16,627,207,33.01%
18,17,724,207,28.59%
18,18,564,237,42.02%
18,19,643,252,39.19%
18,20,526,187,35.55%
18,21,725,285,39.31%
18,22,686,300,43.73%
18,23,664,183,27.56%
18,24,727,174,23.93%
18,25,707,187,26.45%
18,26,687,296,43.09%
18,27,610,164,26.89%
18,28,650,180,27.69%
18,29,725,226,31.17%
18,30,806,195,24.19%
18,31,675,226,33.48%
18,32,669,258,38.57%
18,33,578,184,31.83%
18,34,677,304,44.90%
18,35,653,306,46.86%
18,36,694,216,31.12%
18,37,680,271,39.85%
18,38,616,219,35.55%
18,39,747,163,21.82%
18,40,739,244,33.02%
18,41,690,279,40.43%
18,42,660,159,24.09%
18,43,585,139,23.76%
18,44,653,183,28.02%
18,45,727,165,22.70%
18,46,766,232,30.29%
18,47,567,156,27.51%
18,48,570,172,30.18%
18,49,540,137,25.37%
18,50,626,151,24.12%
18,Total,"33,014","10,645",32.24%
18,,,,
18,WARD 19,,,
19,Precinct,Register Voters,Ballots Cast,Turnout %
19,1,577,270,46.79%
19,2,781,416,53.27%
19,3,506,163,32.21%
19,4,737,285,38.67%
19,5,640,353,55.16%
19,6,676,264,39.05%
19,7,576,264,45.83%
19,8,752,235,31.25%
19,9,477,214,44.86%
19,10,719,411,57.16%
19,11,661,223,33.74%
19,12,553,197,35.62%
19,13,721,370,51.32%
19,14,704,319,45.31%
19,15,881,281,31.90%
19,16,667,262,39.28%
19,17,569,244,42.88%
19,18,534,281,52.62%
19,19,769,388,50.46%
19,20,554,275,49.64%
19,21,712,209,29.35%
19,22,625,328,52.48%
19,23,652,289,44.33%
19,24,457,195,42.67%
19,25,589,297,50.42%
19,26,621,313,50.40%
19,27,599,303,50.58%
19,28,713,328,46.00%
19,29,745,207,27.79%
19,30,604,205,33.94%
19,31,529,272,51.42%
19,32,565,251,44.42%
19,33,656,230,35.06%
19,34,547,280,51.19%
19,35,540,305,56.48%
19,36,859,362,42.14%
19,37,582,310,53.26%
19,38,586,279,47.61%
19,39,275,74,26.91%
19,40,643,299,46.50%
19,41,625,219,35.04%
19,42,464,230,49.57%
19,43,879,391,44.48%
19,44,751,248,33.02%
19,45,629,284,45.15%
19,46,640,305,47.66%
19,47,879,441,50.17%
19,48,887,317,35.74%
19,49,729,388,53.22%
19,50,549,216,39.34%
19,51,686,345,50.29%
19,52,789,234,29.66%
19,53,578,276,47.75%
19,54,566,167,29.51%
19,55,594,201,33.84%
19,56,608,327,53.78%
19,57,502,271,53.98%
19,Total,"36,508","15,911",43.58%
19,,,,
19,WARD 20,,,
20,Precinct,Register Voters,Ballots Cast,Turnout %
20,1,688,234,34.01%
20,2,404,88,21.78%
20,3,602,176,29.24%
20,4,496,86,17.34%
20,5,806,249,30.89%
20,6,434,88,20.28%
20,7,855,187,21.87%
20,8,661,227,34.34%
20,9,766,310,40.47%
20,10,609,165,27.09%
20,11,885,254,28.70%
20,12,595,131,22.02%
20,13,819,242,29.55%
20,14,310,135,43.55%
20,15,1015,145,14.29%
20,16,673,240,35.66%
20,17,718,110,15.32%
20,18,590,162,27.46%
20,19,748,182,24.33%
20,20,715,130,18.18%
20,21,722,124,17.17%
20,22,708,279,39.41%
20,23,777,227,29.21%
20,24,652,216,33.13%
20,25,664,150,22.59%
20,26,622,266,42.77%
20,27,436,111,25.46%
20,28,486,137,28.19%
20,29,799,302,37.80%
20,30,396,104,26.26%
20,31,819,231,28.21%
20,32,756,181,23.94%
20,33,474,163,34.39%
20,34,844,285,33.77%
20,35,778,90,11.57%
20,36,311,64,20.58%
20,37,280,72,25.71%
20,38,334,75,22.46%
20,39,67,19,28.36%
20,Total,"24,314","6,637",27.30%
20,,,,
20,WARD 21,,,
21,Precinct,Register Voters,Ballots Cast,Turnout %
21,1,704,266,37.78%
21,2,622,168,27.01%
21,3,742,269,36.25%
21,4,748,222,29.68%
21,5,721,288,39.94%
21,6,597,175,29.31%
21,7,639,268,41.94%
21,8,691,251,36.32%
21,9,671,284,42.32%
21,10,658,204,31.00%
21,11,656,227,34.60%
21,12,670,200,29.85%
21,13,746,215,28.82%
21,14,754,297,39.39%
21,15,666,195,29.28%
21,16,655,215,32.82%
21,17,718,190,26.46%
21,18,738,258,34.96%
21,19,738,254,34.42%
21,20,645,188,29.15%
21,21,620,213,34.35%
21,22,665,221,33.23%
21,23,636,218,34.28%
21,24,683,239,34.99%
21,25,597,229,38.36%
21,26,749,214,28.57%
21,27,684,216,31.58%
21,28,872,280,32.11%
21,29,721,259,35.92%
21,30,655,198,30.23%
21,31,440,190,43.18%
21,32,681,222,32.60%
21,33,693,204,29.44%
21,34,726,213,29.34%
21,35,729,285,39.09%
21,36,638,232,36.36%
21,37,559,212,37.92%
21,38,686,209,30.47%
21,39,566,161,28.45%
21,40,635,209,32.91%
21,41,669,227,33.93%
21,42,731,265,36.25%
21,43,738,230,31.17%
21,44,732,242,33.06%
21,45,694,199,28.67%
21,46,728,254,34.89%
21,47,661,193,29.20%
21,48,678,212,31.27%
21,49,723,286,39.56%
21,50,621,188,30.27%
21,51,654,222,33.94%
21,52,691,235,34.01%
21,53,547,177,32.36%
21,54,618,233,37.70%
21,Total,"36,499","12,221",33.48%
21,,,,
21,WARD 22,,,
22,Precinct,Register Voters,Ballots Cast,Turnout %
22,1,427,144,33.72%
22,2,813,265,32.60%
22,3,1164,284,24.40%
22,4,730,164,22.47%
22,5,867,177,20.42%
22,6,803,189,23.54%
22,7,576,150,26.04%
22,8,877,287,32.73%
22,9,752,155,20.61%
22,10,1008,253,25.10%
22,11,820,199,24.27%
22,12,655,205,31.30%
22,13,877,191,21.78%
22,14,790,166,21.01%
22,15,696,149,21.41%
22,16,658,135,20.52%
22,17,926,218,23.54%
22,18,807,155,19.21%
22,19,383,70,18.28%
22,20,807,181,22.43%
22,21,859,205,23.86%
22,22,847,154,18.18%
22,23,891,309,34.68%
22,24,1012,214,21.15%
22,25,832,194,23.32%
22,Total,"19,877","4,813",24.21%
22,,,,
22,WARD 23,,,
23,Precinct,Register Voters,Ballots Cast,Turnout %
23,1,568,218,38.38%
23,2,641,201,31.36%
23,3,577,221,38.30%
23,4,648,243,37.50%
23,5,692,192,27.75%
23,6,751,199,26.50%
23,7,629,162,25.76%
23,8,790,240,30.38%
23,9,616,177,28.73%
23,10,786,228,29.01%
23,11,799,197,24.66%
23,12,572,219,38.29%
23,13,647,153,23.65%
23,14,557,202,36.27%
23,15,632,157,24.84%
23,16,564,235,41.67%
23,17,597,109,18.26%
23,18,580,180,31.03%
23,19,651,158,24.27%
23,20,574,105,18.29%
23,21,581,244,42.00%
23,22,647,197,30.45%
23,23,589,214,36.33%
23,24,627,166,26.48%
23,25,722,177,24.52%
23,26,681,213,31.28%
23,27,521,203,38.96%
23,28,617,205,33.23%
23,29,519,188,36.22%
23,30,772,222,28.76%
23,31,586,155,26.45%
23,32,687,187,27.22%
23,33,760,183,24.08%
23,34,751,187,24.90%
23,35,498,143,28.71%
23,36,590,200,33.90%
23,37,580,223,38.45%
23,38,557,178,31.96%
23,39,700,187,26.71%
23,Total,"24,856","7,468",30.05%
23,,,,
23,WARD 24,,,
24,Precinct,Register Voters,Ballots Cast,Turnout %
24,1,686,160,23.32%
24,2,770,154,20.00%
24,3,758,152,20.05%
24,4,535,131,24.49%
24,5,427,88,20.61%
24,6,689,171,24.82%
24,7,489,104,21.27%
24,8,412,89,21.60%
24,9,710,134,18.87%
24,10,374,76,20.32%
24,11,852,169,19.84%
24,12,451,93,20.62%
24,13,458,73,15.94%
24,14,689,139,20.17%
24,15,442,73,16.52%
24,16,994,245,24.65%
24,17,590,146,24.75%
24,18,661,182,27.53%
24,19,820,217,26.46%
24,20,593,129,21.75%
24,21,391,73,18.67%
24,22,911,205,22.50%
24,23,686,135,19.68%
24,24,900,194,21.56%
24,25,641,134,20.90%
24,26,881,290,32.92%
24,27,989,179,18.10%
24,28,483,141,29.19%
24,29,485,147,30.31%
24,30,380,99,26.05%
24,31,766,182,23.76%
24,32,399,94,23.56%
24,33,495,89,17.98%
24,34,662,155,23.41%
24,35,632,139,21.99%
24,36,810,206,25.43%
24,37,451,99,21.95%
24,38,512,156,30.47%
24,39,781,223,28.55%
24,40,844,173,20.50%
24,41,478,148,30.96%
24,Total,"25,977","5,986",23.04%
24,,,,
24,WARD 25,,,
25,Precinct,Register Voters,Ballots Cast,Turnout %
25,1,711,234,32.91%
25,2,819,260,31.75%
25,3,977,233,23.85%
25,4,786,190,24.17%
25,5,860,264,30.70%
25,6,635,81,12.76%
25,7,866,252,29.10%
25,8,889,275,30.93%
25,9,901,223,24.75%
25,10,1029,245,23.81%
25,11,952,264,27.73%
25,12,757,237,31.31%
25,13,890,280,31.46%
25,14,791,181,22.88%
25,15,812,220,27.09%
25,16,988,209,21.15%
25,17,789,306,38.78%
25,18,886,251,28.33%
25,19,909,281,30.91%
25,20,745,151,20.27%
25,21,1189,347,29.18%
25,22,835,230,27.54%
25,23,817,312,38.19%
25,24,837,251,29.99%
25,25,761,198,26.02%
25,26,816,221,27.08%
25,27,989,198,20.02%
25,28,771,274,35.54%
25,29,708,219,30.93%
25,30,845,239,28.28%
25,31,1207,229,18.97%
25,32,803,221,27.52%
25,Total,"27,570","7,576",27.48%
25,,,,
25,WARD 26,,,
26,Precinct,Register Voters,Ballots Cast,Turnout %
26,1,621,206,33.17%
26,2,626,181,28.91%
26,3,683,210,30.75%
26,4,594,105,17.68%
26,5,586,174,29.69%
26,6,687,150,21.83%
26,7,514,180,35.02%
26,8,433,94,21.71%
26,9,659,180,27.31%
26,10,584,174,29.79%
26,11,625,176,28.16%
26,12,717,198,27.62%
26,13,495,89,17.98%
26,14,540,134,24.81%
26,15,493,93,18.86%
26,16,498,88,17.67%
26,17,453,127,28.04%
26,18,584,118,20.21%
26,19,526,106,20.15%
26,20,531,175,32.96%
26,21,861,194,22.53%
26,22,523,77,14.72%
26,23,482,116,24.07%
26,24,602,179,29.73%
26,25,553,169,30.56%
26,26,485,109,22.47%
26,27,703,254,36.13%
26,28,697,247,35.44%
26,29,414,107,25.85%
26,30,471,151,32.06%
26,31,374,90,24.06%
26,32,675,194,28.74%
26,33,630,190,30.16%
26,34,613,247,40.29%
26,35,610,187,30.66%
26,36,580,147,25.34%
26,37,674,180,26.71%
26,38,406,80,19.70%
26,39,622,187,30.06%
26,40,460,116,25.22%
26,41,728,192,26.37%
26,42,502,144,28.69%
26,43,481,93,19.33%
26,44,442,121,27.38%
26,45,445,58,13.03%
26,46,430,103,23.95%
26,47,527,98,18.60%
26,48,557,170,30.52%
26,49,470,85,18.09%
26,Total,"27,466","7,243",26.37%
26,,,,
26,WARD 27,,,
27,Precinct,Register Voters,Ballots Cast,Turnout %
27,1,991,206,20.79%
27,2,775,220,28.39%
27,3,590,120,20.34%
27,4,445,115,25.84%
27,5,801,163,20.35%
27,6,785,183,23.31%
27,7,838,277,33.05%
27,8,803,140,17.43%
27,9,323,90,27.86%
27,10,865,266,30.75%
27,11,790,168,21.27%
27,12,433,114,26.33%
27,13,922,340,36.88%
27,14,483,95,19.67%
27,15,572,107,18.71%
27,16,976,135,13.83%
27,17,741,180,24.29%
27,18,587,151,25.72%
27,19,607,94,15.49%
27,20,636,114,17.92%
27,21,644,168,26.09%
27,22,539,123,22.82%
27,23,578,169,29.24%
27,24,747,125,16.73%
27,25,638,190,29.78%
27,26,588,191,32.48%
27,27,907,199,21.94%
27,28,352,106,30.11%
27,29,686,119,17.35%
27,30,418,109,26.08%
27,31,688,177,25.73%
27,32,593,173,29.17%
27,33,761,173,22.73%
27,34,633,168,26.54%
27,35,734,190,25.89%
27,36,507,160,31.56%
27,37,781,267,34.19%
27,38,923,331,35.86%
27,39,495,164,33.13%
27,40,920,254,27.61%
27,41,673,231,34.32%
27,42,445,140,31.46%
27,43,539,133,24.68%
27,44,690,135,19.57%
27,45,1261,267,21.17%
27,46,468,128,27.35%
27,47,502,193,38.45%
27,48,1292,295,22.83%
27,49,622,143,22.99%
27,50,726,203,27.96%
27,Total,"34,313","8,702",25.36%
27,,,,
27,WARD 28,,,
28,Precinct,Register Voters,Ballots Cast,Turnout %
28,1,610,120,19.67%
28,2,667,150,22.49%
28,3,654,142,21.71%
28,4,522,118,22.61%
28,5,329,129,39.21%
28,6,274,140,51.09%
28,7,771,157,20.36%
28,8,635,146,22.99%
28,9,782,163,20.84%
28,10,795,226,28.43%
28,11,1256,278,22.13%
28,12,765,171,22.35%
28,13,628,197,31.37%
28,14,709,159,22.43%
28,15,184,60,32.61%
28,16,540,106,19.63%
28,17,636,134,21.07%
28,18,450,155,34.44%
28,19,579,163,28.15%
28,20,596,171,28.69%
28,21,620,143,23.06%
28,22,551,155,28.13%
28,23,918,183,19.93%
28,24,692,145,20.95%
28,25,864,264,30.56%
28,26,862,187,21.69%
28,27,568,174,30.63%
28,28,650,226,34.77%
28,29,942,75,7.96%
28,30,94,39,41.49%
28,31,944,304,32.20%
28,32,759,159,20.95%
28,33,778,190,24.42%
28,34,1472,234,15.90%
28,35,886,175,19.75%
28,36,422,92,21.80%
28,37,926,220,23.76%
28,38,392,81,20.66%
28,39,534,109,20.41%
28,40,915,218,23.83%
28,41,538,131,24.35%
28,42,778,187,24.04%
28,43,965,209,21.66%
28,44,578,129,22.32%
28,45,635,143,22.52%
28,46,1077,288,26.74%
28,Total,"31,742","7,545",23.77%
28,,,,
28,WARD 29,,,
29,Precinct,Register Voters,Ballots Cast,Turnout %
29,1,826,342,41.40%
29,2,1104,326,29.53%
29,3,854,216,25.29%
29,4,913,271,29.68%
29,5,771,155,20.10%
29,6,784,190,24.23%
29,7,692,256,36.99%
29,8,808,149,18.44%
29,9,752,270,35.90%
29,10,796,316,39.70%
29,11,443,142,32.05%
29,12,843,281,33.33%
29,13,846,230,27.19%
29,14,679,206,30.34%
29,15,819,267,32.60%
29,16,822,245,29.81%
29,17,756,234,30.95%
29,18,827,232,28.05%
29,19,778,242,31.11%
29,20,1013,284,28.04%
29,21,1152,247,21.44%
29,22,663,187,28.21%
29,23,786,221,28.12%
29,24,717,222,30.96%
29,25,829,291,35.10%
29,26,680,253,37.21%
29,27,670,201,30.00%
29,28,964,279,28.94%
29,29,889,170,19.12%
29,30,790,316,40.00%
29,31,868,154,17.74%
29,32,851,129,15.16%
29,33,490,216,44.08%
29,34,486,125,25.72%
29,35,631,167,26.47%
29,36,643,203,31.57%
29,37,768,226,29.43%
29,38,873,169,19.36%
29,39,870,181,20.80%
29,40,991,273,27.55%
29,41,691,170,24.60%
29,42,870,228,26.21%
29,43,767,308,40.16%
29,44,973,283,29.09%
29,Total,"35,038","10,073",28.75%
29,,,,
29,WARD 30,,,
30,Precinct,Register Voters,Ballots Cast,Turnout %
30,1,861,218,25.32%
30,2,850,150,17.65%
30,3,544,157,28.86%
30,4,808,159,19.68%
30,5,754,116,15.38%
30,6,691,148,21.42%
30,7,837,180,21.51%
30,8,846,248,29.31%
30,9,760,125,16.45%
30,10,974,155,15.91%
30,11,864,136,15.74%
30,12,831,114,13.72%
30,13,745,145,19.46%
30,14,645,99,15.35%
30,15,591,236,39.93%
30,16,457,63,13.79%
30,17,824,194,23.54%
30,18,922,211,22.89%
30,19,982,152,15.48%
30,20,835,194,23.23%
30,21,625,136,21.76%
30,22,996,246,24.70%
30,23,885,170,19.21%
30,24,943,243,25.77%
30,25,1077,273,25.35%
30,26,588,113,19.22%
30,27,554,107,19.31%
30,28,780,225,28.85%
30,29,600,92,15.33%
30,30,442,56,12.67%
30,31,483,112,23.19%
30,32,554,168,30.32%
30,Total,"24,148","5,141",21.29%
30,,,,
30,WARD 31,,,
31,Precinct,Register Voters,Ballots Cast,Turnout %
31,1,649,101,15.56%
31,2,522,113,21.65%
31,3,552,93,16.85%
31,4,602,218,36.21%
31,5,589,154,26.15%
31,6,455,112,24.62%
31,7,695,223,32.09%
31,8,529,108,20.42%
31,9,664,134,20.18%
31,10,590,101,17.12%
31,11,495,97,19.60%
31,12,521,91,17.47%
31,13,643,149,23.17%
31,14,560,121,21.61%
31,15,578,122,21.11%
31,16,606,206,33.99%
31,17,562,112,19.93%
31,18,584,119,20.38%
31,19,531,103,19.40%
31,20,546,116,21.25%
31,21,550,121,22.00%
31,22,565,102,18.05%
31,23,597,119,19.93%
31,24,600,169,28.17%
31,25,573,102,17.80%
31,26,590,153,25.93%
31,27,721,153,21.22%
31,28,563,92,16.34%
31,29,610,151,24.75%
31,30,534,89,16.67%
31,31,528,108,20.45%
31,32,573,78,13.61%
31,33,563,97,17.23%
31,34,612,119,19.44%
31,35,643,110,17.11%
31,36,562,147,26.16%
31,37,559,110,19.68%
31,38,580,96,16.55%
31,39,625,148,23.68%
31,40,684,139,20.32%
31,41,612,112,18.30%
31,Total,"23,917","5,108",21.36%
31,,,,
31,WARD 32,,,
32,Precinct,Register Voters,Ballots Cast,Turnout %
32,1,1003,280,27.92%
32,2,804,227,28.23%
32,3,792,324,40.91%
32,4,758,253,33.38%
32,5,753,244,32.40%
32,6,848,259,30.54%
32,7,807,243,30.11%
32,8,900,226,25.11%
32,9,798,226,28.32%
32,10,874,246,28.15%
32,11,664,315,47.44%
32,12,577,230,39.86%
32,13,838,218,26.01%
32,14,709,296,41.75%
32,15,737,242,32.84%
32,16,747,266,35.61%
32,17,758,299,39.45%
32,18,748,200,26.74%
32,19,768,217,28.26%
32,20,735,305,41.50%
32,21,783,288,36.78%
32,22,927,386,41.64%
32,23,743,223,30.01%
32,24,699,135,19.31%
32,25,774,242,31.27%
32,26,797,331,41.53%
32,27,758,204,26.91%
32,28,804,289,35.95%
32,29,725,282,38.90%
32,30,755,189,25.03%
32,31,782,259,33.12%
32,32,811,251,30.95%
32,33,767,262,34.16%
32,34,850,253,29.76%
32,35,803,210,26.15%
32,36,787,256,32.53%
32,37,779,217,27.86%
32,38,759,222,29.25%
32,39,861,236,27.41%
32,40,784,276,35.20%
32,41,794,246,30.98%
32,42,752,206,27.39%
32,43,640,252,39.38%
32,Total,"33,552","10,831",32.28%
32,,,,
32,WARD 33,,,
33,Precinct,Register Voters,Ballots Cast,Turnout %
33,1,888,292,32.88%
33,2,1152,383,33.25%
33,3,989,370,37.41%
33,4,1109,328,29.58%
33,5,819,206,25.15%
33,6,806,232,28.78%
33,7,1004,292,29.08%
33,8,950,449,47.26%
33,9,925,316,34.16%
33,10,790,257,32.53%
33,11,911,279,30.63%
33,12,938,255,27.19%
33,13,826,251,30.39%
33,14,477,115,24.11%
33,15,950,311,32.74%
33,16,1177,361,30.67%
33,17,967,287,29.68%
33,18,1124,330,29.36%
33,19,988,252,25.51%
33,20,951,297,31.23%
33,21,896,310,34.60%
33,22,789,280,35.49%
33,23,809,315,38.94%
33,24,936,475,50.75%
33,25,1026,319,31.09%
33,26,644,198,30.75%
33,27,980,279,28.47%
33,28,774,260,33.59%
33,Total,"25,595","8,299",32.42%
33,,,,
33,WARD 34,,,
34,Precinct,Register Voters,Ballots Cast,Turnout %
34,1,701,268,38.23%
34,2,630,221,35.08%
34,3,756,214,28.31%
34,4,659,160,24.28%
34,5,656,201,30.64%
34,6,755,257,34.04%
34,7,731,266,36.39%
34,8,639,192,30.05%
34,9,701,165,23.54%
34,10,679,241,35.49%
34,11,727,165,22.70%
34,12,723,237,32.78%
34,13,673,245,36.40%
34,14,697,174,24.96%
34,15,783,181,23.12%
34,16,728,184,25.27%
34,17,861,295,34.26%
34,18,639,180,28.17%
34,19,849,230,27.09%
34,20,738,295,39.97%
34,21,711,303,42.62%
34,22,628,253,40.29%
34,23,626,187,29.87%
34,24,693,202,29.15%
34,25,1013,367,36.23%
34,26,820,257,31.34%
34,27,668,195,29.19%
34,28,587,134,22.83%
34,29,632,191,30.22%
34,30,552,268,48.55%
34,31,755,181,23.97%
34,32,729,196,26.89%
34,33,651,187,28.73%
34,34,700,263,37.57%
34,35,808,242,29.95%
34,36,603,238,39.47%
34,37,656,124,18.90%
34,38,585,104,17.78%
34,39,630,159,25.24%
34,40,777,241,31.02%
34,41,593,150,25.30%
34,42,686,278,40.52%
34,43,581,248,42.69%
34,44,668,264,39.52%
34,45,706,239,33.85%
34,46,464,179,38.58%
34,47,740,192,25.95%
34,48,688,287,41.72%
34,49,568,246,43.31%
34,50,696,163,23.42%
34,51,690,264,38.26%
34,52,504,190,37.70%
34,53,607,124,20.43%
34,Total,"36,340","11,487",31.61%
34,,,,
34,WARD 35,,,
35,Precinct,Register Voters,Ballots Cast,Turnout %
35,1,802,234,29.18%
35,2,738,313,42.41%
35,3,779,223,28.63%
35,4,753,218,28.95%
35,5,693,217,31.31%
35,6,773,217,28.07%
35,7,762,244,32.02%
35,8,784,259,33.04%
35,9,789,221,28.01%
35,10,814,344,42.26%
35,11,842,245,29.10%
35,12,741,163,22.00%
35,13,758,144,19.00%
35,14,761,159,20.89%
35,15,873,274,31.39%
35,16,703,140,19.91%
35,17,819,254,31.01%
35,18,727,163,22.42%
35,19,732,100,13.66%
35,20,795,184,23.14%
35,21,779,221,28.37%
35,22,948,264,27.85%
35,23,788,246,31.22%
35,24,749,210,28.04%
35,25,767,266,34.68%
35,26,718,183,25.49%
35,27,745,199,26.71%
35,28,748,207,27.67%
35,29,838,158,18.85%
35,30,837,179,21.39%
35,31,791,252,31.86%
35,Total,"24,146","6,701",27.75%
35,,,,
35,WARD 36,,,
36,Precinct,Register Voters,Ballots Cast,Turnout %
36,1,822,163,19.83%
36,2,804,139,17.29%
36,3,643,155,24.11%
36,4,904,124,13.72%
36,5,821,153,18.64%
36,6,785,128,16.31%
36,7,792,238,30.05%
36,8,689,125,18.14%
36,9,802,144,17.96%
36,10,935,182,19.47%
36,11,631,109,17.27%
36,12,691,93,13.46%
36,13,631,105,16.64%
36,14,755,185,24.50%
36,15,779,210,26.96%
36,16,775,189,24.39%
36,17,814,214,26.29%
36,18,825,178,21.58%
36,19,929,192,20.67%
36,20,837,163,19.47%
36,21,842,122,14.49%
36,22,765,117,15.29%
36,23,832,113,13.58%
36,24,885,143,16.16%
36,25,864,144,16.67%
36,26,796,130,16.33%
36,27,756,163,21.56%
36,28,821,124,15.10%
36,29,848,182,21.46%
36,30,808,158,19.55%
36,Total,"23,881","4,585",19.20%
36,,,,
36,WARD 37,,,
37,Precinct,Register Voters,Ballots Cast,Turnout %
37,1,682,168,24.63%
37,2,722,123,17.04%
37,3,670,123,18.36%
37,4,685,131,19.12%
37,5,751,226,30.09%
37,6,760,200,26.32%
37,7,679,131,19.29%
37,8,696,133,19.11%
37,9,800,198,24.75%
37,10,874,200,22.88%
37,11,696,119,17.10%
37,12,750,116,15.47%
37,13,643,135,21.00%
37,14,846,210,24.82%
37,15,803,207,25.78%
37,16,856,199,23.25%
37,17,695,167,24.03%
37,18,764,191,25.00%
37,19,769,153,19.90%
37,20,727,151,20.77%
37,21,728,183,25.14%
37,22,811,143,17.63%
37,23,681,199,29.22%
37,24,785,214,27.26%
37,25,733,178,24.28%
37,26,811,257,31.69%
37,27,750,194,25.87%
37,28,684,165,24.12%
37,29,772,195,25.26%
37,30,821,174,21.19%
37,31,809,188,23.24%
37,32,708,186,26.27%
37,33,810,241,29.75%
37,34,760,169,22.24%
37,35,758,217,28.63%
37,36,794,172,21.66%
37,37,922,249,27.01%
37,38,803,240,29.89%
37,39,726,174,23.97%
37,40,739,224,30.31%
37,41,735,175,23.81%
37,Total,"31,008","7,418",23.92%
37,,,,
37,WARD 38,,,
38,Precinct,Register Voters,Ballots Cast,Turnout %
38,1,695,173,24.89%
38,2,730,203,27.81%
38,3,852,159,18.66%
38,4,771,175,22.70%
38,5,806,173,21.46%
38,6,866,155,17.90%
38,7,794,162,20.40%
38,8,783,155,19.80%
38,9,844,195,23.10%
38,10,747,143,19.14%
38,11,685,191,27.88%
38,12,802,177,22.07%
38,13,846,197,23.29%
38,14,812,190,23.40%
38,15,731,167,22.85%
38,16,768,183,23.83%
38,17,891,201,22.56%
38,18,800,194,24.25%
38,19,875,233,26.63%
38,20,832,181,21.75%
38,21,781,168,21.51%
38,22,734,204,27.79%
38,23,767,222,28.94%
38,24,791,177,22.38%
38,25,691,158,22.87%
38,26,784,177,22.58%
38,27,813,172,21.16%
38,28,911,202,22.17%
38,29,786,181,23.03%
38,30,867,173,19.95%
38,31,704,212,30.11%
38,32,776,171,22.04%
38,33,846,182,21.51%
38,34,751,190,25.30%
38,35,764,197,25.79%
38,36,703,168,23.90%
38,37,789,200,25.35%
38,38,758,157,20.71%
38,39,817,227,27.78%
38,40,758,199,26.25%
38,41,621,238,38.33%
38,Total,"32,142","7,582",23.59%
38,,,,
38,WARD 39,,,
39,Precinct,Register Voters,Ballots Cast,Turnout %
39,1,644,258,40.06%
39,2,711,287,40.37%
39,3,751,297,39.55%
39,4,652,243,37.27%
39,5,735,210,28.57%
39,6,859,227,26.43%
39,7,666,195,29.28%
39,8,860,237,27.56%
39,9,787,203,25.79%
39,10,353,123,34.84%
39,11,719,195,27.12%
39,12,1018,278,27.31%
39,13,764,179,23.43%
39,14,733,188,25.65%
39,15,836,236,28.23%
39,16,810,147,18.15%
39,17,744,275,36.96%
39,18,757,256,33.82%
39,19,761,238,31.27%
39,20,893,263,29.45%
39,21,727,212,29.16%
39,22,758,149,19.66%
39,23,697,248,35.58%
39,24,849,282,33.22%
39,25,761,186,24.44%
39,26,742,215,28.98%
39,27,113,63,55.75%
39,28,823,331,40.22%
39,29,471,133,28.24%
39,30,875,274,31.31%
39,31,767,206,26.86%
39,32,772,213,27.59%
39,33,953,262,27.49%
39,34,875,251,28.69%
39,35,753,213,28.29%
39,36,273,68,24.91%
39,37,625,294,47.04%
39,38,366,165,45.08%
39,39,446,149,33.41%
39,40,701,205,29.24%
39,41,747,248,33.20%
39,42,699,303,43.35%
39,43,727,257,35.35%
39,44,529,180,34.03%
39,45,639,239,37.40%
39,Total,"31,741","9,881",31.13%
39,,,,
39,WARD 40,,,
40,Precinct,Register Voters,Ballots Cast,Turnout %
40,1,831,197,23.71%
40,2,817,221,27.05%
40,3,868,343,39.52%
40,4,521,142,27.26%
40,5,783,278,35.50%
40,6,776,322,41.49%
40,7,697,311,44.62%
40,8,836,354,42.34%
40,9,734,178,24.25%
40,10,934,209,22.38%
40,11,695,279,40.14%
40,12,573,204,35.60%
40,13,977,457,46.78%
40,14,797,159,19.95%
40,15,822,220,26.76%
40,16,810,371,45.80%
40,17,691,245,35.46%
40,18,827,171,20.68%
40,19,1014,283,27.91%
40,20,853,231,27.08%
40,21,803,353,43.96%
40,22,774,271,35.01%
40,23,814,360,44.23%
40,24,839,183,21.81%
40,25,793,325,40.98%
40,26,700,297,42.43%
40,27,1019,351,34.45%
40,28,793,303,38.21%
40,29,752,272,36.17%
40,30,664,258,38.86%
40,31,769,338,43.95%
40,32,774,341,44.06%
40,33,651,341,52.38%
40,34,775,197,25.42%
40,35,790,156,19.75%
40,36,640,253,39.53%
40,37,829,249,30.04%
40,38,800,356,44.50%
40,39,362,61,16.85%
40,Total,"30,197","10,440",34.57%
40,,,,
40,WARD 41,,,
41,Precinct,Register Voters,Ballots Cast,Turnout %
41,1,708,172,24.29%
41,2,706,214,30.31%
41,3,743,215,28.94%
41,4,700,257,36.71%
41,5,875,221,25.26%
41,6,773,301,38.94%
41,7,794,241,30.35%
41,8,712,214,30.06%
41,9,750,213,28.40%
41,10,715,295,41.26%
41,11,845,238,28.17%
41,12,877,189,21.55%
41,13,879,202,22.98%
41,14,745,284,38.12%
41,15,907,275,30.32%
41,16,745,178,23.89%
41,17,722,233,32.27%
41,18,684,189,27.63%
41,19,756,277,36.64%
41,20,633,165,26.07%
41,21,736,220,29.89%
41,22,793,280,35.31%
41,23,863,161,18.66%
41,24,761,157,20.63%
41,25,966,96,9.94%
41,26,683,226,33.09%
41,27,846,128,15.13%
41,28,969,161,16.62%
41,29,838,108,12.89%
41,30,765,187,24.44%
41,31,764,259,33.90%
41,32,639,180,28.17%
41,33,730,178,24.38%
41,34,700,192,27.43%
41,35,850,270,31.76%
41,36,721,212,29.40%
41,37,819,233,28.45%
41,38,760,202,26.58%
41,39,749,255,34.05%
41,40,777,246,31.66%
41,41,767,181,23.60%
41,42,733,211,28.79%
41,43,795,203,25.53%
41,44,765,224,29.28%
41,45,762,173,22.70%
41,46,733,268,36.56%
41,47,794,251,31.61%
41,Total,"36,347","10,035",27.61%
41,,,,
41,WARD 42,,,
42,Precinct,Register Voters,Ballots Cast,Turnout %
42,1,722,260,36.01%
42,2,930,185,19.89%
42,3,838,217,25.89%
42,4,1586,301,18.98%
42,5,738,170,23.04%
42,6,745,316,42.42%
42,7,930,255,27.42%
42,8,741,243,32.79%
42,9,1105,213,19.28%
42,10,1158,264,22.80%
42,11,573,164,28.62%
42,12,664,236,35.54%
42,13,645,275,42.64%
42,14,1020,188,18.43%
42,15,878,172,19.59%
42,16,870,238,27.36%
42,17,1207,278,23.03%
42,18,970,146,15.05%
42,19,1083,295,27.24%
42,20,936,175,18.70%
42,21,843,180,21.35%
42,22,447,98,21.92%
42,23,910,228,25.05%
42,24,813,233,28.66%
42,25,941,192,20.40%
42,26,1024,242,23.63%
42,27,528,204,38.64%
42,28,832,287,34.50%
42,29,862,207,24.01%
42,30,648,233,35.96%
42,31,1015,233,22.96%
42,32,936,155,16.56%
42,33,939,239,25.45%
42,34,788,216,27.41%
42,35,1133,292,25.77%
42,36,1454,281,19.33%
42,37,647,124,19.17%
42,38,823,170,20.66%
42,39,1045,201,19.23%
42,40,1047,257,24.55%
42,41,851,197,23.15%
42,42,1358,303,22.31%
42,Total,"38,223","9,363",24.50%
42,,,,
42,WARD 43,,,
43,Precinct,Register Voters,Ballots Cast,Turnout %
43,1,422,138,32.70%
43,2,745,212,28.46%
43,3,764,229,29.97%
43,4,1034,247,23.89%
43,5,667,194,29.09%
43,6,569,159,27.94%
43,7,534,184,34.46%
43,8,611,209,34.21%
43,9,840,283,33.69%
43,10,897,290,32.33%
43,11,734,142,19.35%
43,12,520,177,34.04%
43,13,748,245,32.75%
43,14,739,264,35.72%
43,15,790,238,30.13%
43,16,843,168,19.93%
43,17,634,183,28.86%
43,18,871,269,30.88%
43,19,816,277,33.95%
43,20,852,233,27.35%
43,21,900,238,26.44%
43,22,500,148,29.60%
43,23,552,151,27.36%
43,24,686,171,24.93%
43,25,570,239,41.93%
43,26,504,189,37.50%
43,27,713,233,32.68%
43,28,985,267,27.11%
43,29,753,202,26.83%
43,30,796,228,28.64%
43,31,835,260,31.14%
43,32,781,270,34.57%
43,33,811,274,33.79%
43,34,513,213,41.52%
43,35,894,308,34.45%
43,36,431,97,22.51%
43,37,931,209,22.45%
43,38,714,225,31.51%
43,39,709,161,22.71%
43,40,592,165,27.87%
43,41,932,313,33.58%
43,42,754,239,31.70%
43,43,822,278,33.82%
43,44,739,230,31.12%
43,45,464,156,33.62%
43,46,447,114,25.50%
43,Total,"32,958","9,919",30.10%
43,,,,
43,WARD 44,,,
44,Precinct,Register Voters,Ballots Cast,Turnout %
44,1,1068,410,38.39%
44,2,838,272,32.46%
44,3,474,258,54.43%
44,4,760,304,40.00%
44,5,832,279,33.53%
44,6,984,322,32.72%
44,7,579,225,38.86%
44,8,1041,352,33.81%
44,9,779,220,28.24%
44,10,807,220,27.26%
44,11,837,258,30.82%
44,12,791,290,36.66%
44,13,706,174,24.65%
44,14,706,188,26.63%
44,15,757,254,33.55%
44,16,896,290,32.37%
44,17,1007,407,40.42%
44,18,901,245,27.19%
44,19,902,347,38.47%
44,20,854,242,28.34%
44,21,835,301,36.05%
44,22,801,338,42.20%
44,23,756,244,32.28%
44,24,575,238,41.39%
44,25,813,255,31.37%
44,26,855,281,32.87%
44,27,883,315,35.67%
44,28,799,258,32.29%
44,29,847,228,26.92%
44,30,873,270,30.93%
44,31,736,208,28.26%
44,32,929,278,29.92%
44,33,752,261,34.71%
44,34,853,317,37.16%
44,35,939,369,39.30%
44,36,803,238,29.64%
44,37,826,303,36.68%
44,38,829,195,23.52%
44,39,792,233,29.42%
44,40,753,202,26.83%
44,41,1006,317,31.51%
44,Total,"33,774","11,206",33.18%
44,,,,
44,WARD 45,,,
45,Precinct,Register Voters,Ballots Cast,Turnout %
45,1,514,189,36.77%
45,2,659,225,34.14%
45,3,583,236,40.48%
45,4,804,300,37.31%
45,5,715,272,38.04%
45,6,858,324,37.76%
45,7,1007,371,36.84%
45,8,800,207,25.88%
45,9,824,209,25.36%
45,10,812,233,28.69%
45,11,592,153,25.84%
45,12,772,233,30.18%
45,13,628,214,34.08%
45,14,1017,265,26.06%
45,15,839,319,38.02%
45,16,657,212,32.27%
45,17,867,238,27.45%
45,18,852,197,23.12%
45,19,463,106,22.89%
45,20,597,139,23.28%
45,21,707,206,29.14%
45,22,773,187,24.19%
45,23,768,194,25.26%
45,24,653,179,27.41%
45,25,473,147,31.08%
45,26,433,108,24.94%
45,27,725,179,24.69%
45,28,638,152,23.82%
45,29,567,132,23.28%
45,30,711,201,28.27%
45,31,621,169,27.21%
45,32,707,170,24.05%
45,33,525,150,28.57%
45,34,811,233,28.73%
45,35,741,256,34.55%
45,36,742,248,33.42%
45,37,773,200,25.87%
45,38,779,176,22.59%
45,39,833,190,22.81%
45,40,729,214,29.36%
45,41,740,200,27.03%
45,42,687,211,30.71%
45,43,778,214,27.51%
45,44,719,197,27.40%
45,45,518,110,21.24%
45,46,628,141,22.45%
45,47,553,146,26.40%
45,48,631,139,22.03%
45,Total,"33,823","9,691",28.65%
45,,,,
45,WARD 46,,,
46,Precinct,Register Voters,Ballots Cast,Turnout %
46,1,722,237,32.83%
46,2,687,258,37.55%
46,3,828,364,43.96%
46,4,730,262,35.89%
46,5,985,277,28.12%
46,6,798,240,30.08%
46,7,763,362,47.44%
46,8,692,203,29.34%
46,9,770,299,38.83%
46,10,1127,341,30.26%
46,11,824,235,28.52%
46,12,811,321,39.58%
46,13,773,267,34.54%
46,14,1007,289,28.70%
46,15,759,262,34.52%
46,16,824,330,40.05%
46,17,871,334,38.35%
46,18,855,285,33.33%
46,19,501,232,46.31%
46,20,762,243,31.89%
46,21,740,164,22.16%
46,22,743,184,24.76%
46,23,689,215,31.20%
46,24,798,333,41.73%
46,25,735,256,34.83%
46,26,775,283,36.52%
46,27,956,348,36.40%
46,28,675,332,49.19%
46,29,672,251,37.35%
46,30,792,264,33.33%
46,31,775,255,32.90%
46,32,881,258,29.28%
46,33,773,319,41.27%
46,34,965,279,28.91%
46,35,910,273,30.00%
46,36,686,287,41.84%
46,37,758,242,31.93%
46,38,866,212,24.48%
46,39,715,267,37.34%
46,40,661,280,42.36%
46,Total,"31,654","10,943",34.57%
46,,,,
46,WARD 47,,,
47,Precinct,Register Voters,Ballots Cast,Turnout %
47,1,508,163,32.09%
47,2,754,342,45.36%
47,3,754,352,46.68%
47,4,809,378,46.72%
47,5,820,360,43.90%
47,6,882,300,34.01%
47,7,723,271,37.48%
47,8,770,321,41.69%
47,9,722,258,35.73%
47,10,910,385,42.31%
47,11,765,265,34.64%
47,12,803,358,44.58%
47,13,705,319,45.25%
47,14,669,307,45.89%
47,15,915,420,45.90%
47,16,738,330,44.72%
47,17,761,290,38.11%
47,18,776,304,39.18%
47,19,937,383,40.88%
47,20,696,303,43.53%
47,21,721,322,44.66%
47,22,798,354,44.36%
47,23,800,379,47.38%
47,24,751,278,37.02%
47,25,905,308,34.03%
47,26,937,364,38.85%
47,27,664,273,41.11%
47,28,721,309,42.86%
47,29,775,309,39.87%
47,30,937,379,40.45%
47,31,739,282,38.16%
47,32,856,404,47.20%
47,33,745,225,30.20%
47,34,749,344,45.93%
47,35,783,299,38.19%
47,36,841,365,43.40%
47,37,734,337,45.91%
47,38,711,316,44.44%
47,39,759,330,43.48%
47,40,704,392,55.68%
47,41,787,365,46.38%
47,42,719,324,45.06%
47,43,715,268,37.48%
47,44,805,242,30.06%
47,45,672,313,46.58%
47,46,729,300,41.15%
47,47,875,313,35.77%
47,48,85,40,47.06%
47,Total,"36,434","15,143",41.56%
47,,,,
47,WARD 48,,,
48,Precinct,Register Voters,Ballots Cast,Turnout %
48,1,729,297,40.74%
48,2,348,177,50.86%
48,3,896,312,34.82%
48,4,686,298,43.44%
48,5,396,228,57.58%
48,6,956,350,36.61%
48,7,709,331,46.69%
48,8,423,175,41.37%
48,9,514,187,36.38%
48,10,899,439,48.83%
48,11,581,292,50.26%
48,12,846,360,42.55%
48,13,866,394,45.50%
48,14,421,178,42.28%
48,15,551,166,30.13%
48,16,820,294,35.85%
48,17,693,304,43.87%
48,18,617,238,38.57%
48,19,520,280,53.85%
48,20,816,382,46.81%
48,21,1001,328,32.77%
48,22,573,325,56.72%
48,23,849,361,42.52%
48,24,945,286,30.26%
48,25,597,340,56.95%
48,26,388,134,34.54%
48,27,1627,311,19.11%
48,28,940,313,33.30%
48,29,351,228,64.96%
48,30,587,298,50.77%
48,31,1078,327,30.33%
48,32,773,274,35.45%
48,33,384,214,55.73%
48,34,578,272,47.06%
48,35,761,215,28.25%
48,36,429,210,48.95%
48,37,785,298,37.96%
48,38,727,382,52.54%
48,39,591,258,43.65%
48,40,591,285,48.22%
48,41,873,307,35.17%
48,42,912,413,45.29%
48,43,784,305,38.90%
48,44,820,383,46.71%
48,45,511,238,46.58%
48,46,506,207,40.91%
48,Total,"32,248","13,194",40.91%
48,,,,
48,WARD 49,,,
49,Precinct,Register Voters,Ballots Cast,Turnout %
49,1,681,180,26.43%
49,2,476,201,42.23%
49,3,907,310,34.18%
49,4,962,354,36.80%
49,5,880,363,41.25%
49,6,691,270,39.07%
49,7,827,284,34.34%
49,8,709,219,30.89%
49,9,809,289,35.72%
49,10,803,324,40.35%
49,11,931,376,40.39%
49,12,941,409,43.46%
49,13,904,358,39.60%
49,14,688,283,41.13%
49,15,674,201,29.82%
49,16,812,334,41.13%
49,17,535,170,31.78%
49,18,940,399,42.45%
49,19,805,230,28.57%
49,20,1058,452,42.72%
49,21,573,166,28.97%
49,22,913,332,36.36%
49,23,911,356,39.08%
49,24,735,203,27.62%
49,25,939,374,39.83%
49,26,894,333,37.25%
49,27,850,321,37.76%
49,28,992,370,37.30%
49,29,910,388,42.64%
49,30,911,363,39.85%
49,31,674,249,36.94%
49,32,887,291,32.81%
49,33,681,244,35.83%
49,Total,"26,903","9,996",37.16%
49,,,,
49,WARD 50,,,
50,Precinct,Register Voters,Ballots Cast,Turnout %
50,1,699,259,37.05%
50,2,477,150,31.45%
50,3,645,244,37.83%
50,4,801,254,31.71%
50,5,573,185,32.29%
50,6,818,270,33.01%
50,7,717,312,43.51%
50,8,708,194,27.40%
50,9,669,199,29.75%
50,10,909,187,20.57%
50,11,567,212,37.39%
50,12,288,124,43.06%
50,13,979,186,19.00%
50,14,221,77,34.84%
50,15,733,307,41.88%
50,16,241,95,39.42%
50,17,876,169,19.29%
50,18,152,100,65.79%
50,19,632,124,19.62%
50,20,764,223,29.19%
50,21,641,201,31.36%
50,22,790,184,23.29%
50,23,626,128,20.45%
50,24,739,237,32.07%
50,25,787,233,29.61%
50,26,922,185,20.07%
50,27,199,73,36.68%
50,28,879,196,22.30%
50,29,803,129,16.06%
50,30,628,156,24.84%
50,31,1002,231,23.05%
50,32,968,193,19.94%
50,33,562,251,44.66%
50,34,866,338,39.03%
50,35,842,304,36.10%
50,36,739,232,31.39%
50,37,682,233,34.16%
50,38,272,123,45.22%
50,39,661,120,18.15%
50,40,838,297,35.44%
50,Total,"26,915","7,915",29.41%
