"precinct","turnout","sum_fe","re_over_fe"
"0101",217.756740368418,0.985840401253046,1.69558594715246
"0102",224.888010467059,1.26499164116795,1.36468827565546
"0103",324.03258100114,1.64258538279861,1.51431261471405
"0104",237.311374892978,1.26763876801617,1.43706977969727
"0105",203.665198561989,0.744338428042316,2.10039607418834
"0106",149.877453924095,0.78044135582019,1.47418112377253
"0107",139.115419120092,0.742286005750127,1.43866212227462
"0108",137.654666129284,0.866297074177697,1.2197726847511
"0109",210.183775019011,1.17390943006735,1.3744198236031
"0110",189.570942161331,1.16757824624593,1.2463516344679
"0111",458.64329067906,1.58083364143143,2.22712036487087
"0112",112.978922279879,0.735124197644476,1.1797541754624
"0113",151.751925082417,0.947797219794376,1.22906143722433
"0114",225.175216120464,0.880021214248874,1.96418441381531
"0115",272.857330275476,1.57952243939178,1.32606447130873
"0116",162.376348483437,0.870481616619133,1.43191744724982
"0117",157.084207730781,1.17497082819594,1.02626674335457
"0118",169.335854502526,1.41815480821527,0.916600512503948
"0119",247.387755973797,1.56080550666023,1.21670201256056
"0120",255.719904435208,1.67691349209622,1.17060045435815
"0121",194.38208409542,1.29047196086574,1.15627856638102
"0201",260.986719762943,1.73432926151163,1.1551587477298
"0202",151.50292695726,0.928164468969686,1.25299950071212
"0203",170.720132576854,0.869509311594144,1.5071806715166
"0204",209.428275903905,1.23648956376751,1.30016860850482
"0205",220.290304749535,1.20447437078282,1.40395321022244
"0206",279.414099280132,1.33469161509749,1.60702339275673
"0207",248.858187816545,1.42026282922904,1.34504875613375
"0208",179.101641296427,0.888873778250621,1.54672920164214
"0209",216.835320682875,1.14394973829941,1.45504993272168
"0210",269.195643908303,1.2901023557297,1.60176453458977
"0211",279.433797871052,1.26550845008178,1.69499607903346
"0212",240.869560700841,1.42536712147324,1.29720913282259
"0213",107.033055195137,0.551385597489104,1.49010653121651
"0214",231.340170285675,1.54912584377026,1.14635509497247
"0215",231.978368419798,1.75124546327612,1.01684622393974
"0216",394.859926374875,2.16344574657696,1.40104429279274
"0217",285.204867910326,1.44490085767338,1.51521303861167
"0218",229.537129372975,1.38168842866862,1.27525677470222
"0219",218.162902644419,1.34657031483016,1.24367436009293
"0220",253.159868504784,0.414872834137634,4.68419188235421
"0221",142.817226335563,0.930570711177434,1.17811050575646
"0222",318.29380296151,1.83289827389559,1.33304446147244
"0223",317.344023656378,1.67800219094172,1.45175260584891
"0224",293.593681250895,1.63316658470409,1.37997440937439
"0225",252.64899713161,1.50159273681229,1.29157679472681
"0226",355.347375435648,2.20290122049278,1.23826301796512
"0227",365.533926054997,1.85902331280233,1.50937679498139
"0301",125.851815907798,1.10227594422408,0.876443593054651
"0302",202.42387106429,1.12824861154209,1.37724667319576
"0303",173.848028589312,1.45504300350035,0.917167707084633
"0304",221.102350639786,1.58086987189583,1.07362360355687
"0305",117.866604980318,1.11262412477219,0.813199524053618
"0306",154.008286929322,1.28360473671904,0.921016886609994
"0307",145.482550980372,1.27037122951167,0.879093506088845
"0308",164.345488788078,1.34431444367699,0.938451291701316
"0309",214.197955621718,1.64561834950076,0.999173745736727
"0310",161.823116429729,1.2822324878715,0.968787659627275
"0311",218.864677195726,1.59305578876768,1.05462850335088
"0312",210.582439903367,1.3514678834428,1.19611032057196
"0313",120.22576835502,1.09991958837181,0.839056949395581
"0314",203.139769627649,1.44101385769284,1.08213541943176
"0315",182.362459500754,1.38302977630024,1.01218226667971
"0316",200.75707182323,1.57776928520193,0.976747187014216
"0317",222.963179781676,1.56103781026831,1.09641392069636
"0318",194.192573608385,1.51357246267548,0.984882030192919
"0319",210.456270769395,1.72604154221477,0.935977567898297
"0320",147.520124349412,1.09128960061011,1.03768626177354
"0321",59.0959748286124,0.778648771295062,0.582600847799899
"0322",132.123453923787,0.988206101102057,1.02633041987083
"0401",149.115508499256,1.17706457078827,0.972472524438651
"0402",192.027462900228,1.54688875228261,0.952925779807099
"0403",178.6233763609,1.43915900575662,0.952761782738309
"0404",99.0381493236138,0.948359819414033,0.801648870296151
"0405",158.233085656243,1.2674636380287,0.95833335090634
"0406",148.901727786367,1.30364623021829,0.876788404965997
"0407",208.592848086812,1.46653568217027,1.09184651830875
"0408",175.84467020456,1.46169006317067,0.923482625163451
"0409",187.4798582239,1.325138000093,1.08604625450186
"0410",163.561467544507,1.31480146727391,0.954939004301415
"0411",161.058270408252,1.40304069035663,0.881185979240321
"0412",126.951135542707,0.993105772643511,0.98128666563911
"0413",188.00500494897,1.52773824187712,0.944659453189222
"0414",131.767505883867,1.11202347000553,0.909597349265561
"0415",150.82054946583,1.17457200951375,0.985679411573386
"0416",150.834085447314,1.17123247985755,0.988578590538528
"0417",164.871620436309,1.31548112800535,0.962090880881715
"0418",171.467919486379,1.37456827562626,0.957571861745463
"0419",105.067494307172,0.942697128120774,0.855561050375615
"0420",152.513000457837,1.17404756975756,0.997185569724999
"0421",218.889460262565,1.62056261892874,1.03684502292695
"0501",372.118115900003,2.69808791851134,1.05871613046063
"0502",265.746015561503,1.7955558321493,1.13611596226418
"0503",326.603787923336,2.49192500074888,1.00609980296579
"0504",349.121700895305,2.31868967023704,1.15581687629914
"0505",295.954459108928,2.05068931586176,1.10784711979011
"0506",338.614477681105,1.94568587541932,1.3359420208362
"0507",188.71156056154,1.52945960899332,0.947142462879974
"0508",430.999994044098,2.22882038352084,1.48442071789543
"0509",347.857778981742,1.4441941067239,1.84897468513552
"0510",263.792208308532,1.42314646555883,1.4228764088281
"0511",167.349608211096,1.74690102718498,0.735378982952662
"0512",330.162278032522,1.97924818230316,1.28050716092859
"0513",59.0330637852468,0.307811711481832,1.47219384497931
"0514",214.70854692791,1.47598802461041,1.11666090837432
"0515",236.698883603598,1.13336103900032,1.60318169105716
"0516",190.410141707962,0.841330560660878,1.73731362444494
"0517",201.895013146742,0.904724656269643,1.71302609820547
"0518",448.375514783623,2.90367354933199,1.18535630400874
"0519",417.520846904948,2.58544011749502,1.23964831751733
"0520",156.345289004502,0.914240524311895,1.3127412908424
"0521",176.920689323846,0.661054181083499,2.05445380396056
"0522",257.282454746762,1.65057886622833,1.19654408554936
"0523",322.453368514908,1.84989097527933,1.33806003161557
"0524",224.095669781295,1.19376469398241,1.44101847299544
"0525",66.4984461645176,0.489460499816166,1.04291439519308
"0526",228.990621528754,0.963901172000023,1.82364374514335
"0527",225.926718635696,1.18405547834984,1.4647056506285
"0528",127.321951257236,0.777974901194221,1.25629755185535
"0529",41.3271004244623,0.455770772128974,0.696054552538332
"0530",163.936776546473,0.776992509710799,1.61962463195759
"0531",63.3127349294309,0.385512591449219,1.2606871342049
"0532",153.381646032705,0.855661889085942,1.37602403228885
"0533",80.8593254397463,0.712384753182029,0.871305212012735
"0534",169.959202253089,0.407232643529349,3.20373742321696
"0601",163.873689096828,1.16864480199158,1.07641939110596
"0602",215.167008969369,0.698520640422485,2.36456497946258
"0603",160.621397188275,1.2181939198387,1.01214278980539
"0604",150.626663660237,1.18467390050136,0.976018051244124
"0605",76.5605574123551,0.743356355838777,0.790610979992159
"0606",232.846724900832,1.08787509515251,1.64303158833751
"0607",204.785071027407,1.04022345046071,1.51121573479175
"0608",82.7319417202564,0.650050471971041,0.976969382059835
"0609",103.332016070489,0.742424927808209,1.06840809843683
"0610",88.0565159496305,0.724788809527944,0.932620231888931
"0611",177.179730670191,1.32153354758216,1.02917839027884
"0612",100.057654215554,0.646858845845215,1.18739607567374
"0613",101.871789795802,0.850690530792886,0.919257436044402
"0614",103.66312237841,0.76679095559687,1.03777240422398
"0615",121.551263780067,0.977097423318097,0.954940745941148
"0616",129.602463597948,0.897850249410059,1.10806226003137
"0617",161.37125087064,1.20036679084706,1.03196984614846
"0618",195.649200922461,1.3670387790401,1.09863152763087
"0701",52.8616937918031,0.515704482019296,0.786855496027196
"0702",25.3193219039882,0.274744494203976,0.707420899521632
"0703",16.9002490581859,0.254224920937989,0.510304969642917
"0704",81.3532310449394,0.688362215903072,0.907219958724116
"0705",85.9917135852031,1.01817302888505,0.648320611115416
"0706",60.7566179023413,0.685209144244712,0.680652202349879
"0707",42.4640037341626,0.45046399359308,0.723628512231418
"0708",78.926379228326,0.63876475784076,0.948497185781717
"0709",51.6938748698128,0.389800905971689,1.01800768596159
"0710",40.941846314325,0.511947806379638,0.613898470189909
"0711",44.1147513775535,0.558863528134251,0.605944547211753
"0712",51.4838399501791,0.620718671406367,0.63669426223784
"0713",18.8714258394432,0.323024908617196,0.448459797311115
"0714",61.3006109875343,0.636008440384857,0.739872248513438
"0715",33.2896060123272,0.372304215128535,0.686381415311378
"0716",32.2298659474367,0.396597220032848,0.623826252688784
"0717",62.3974051405347,0.638199050764878,0.750525045395715
"0718",32.8539053643785,0.430527143717188,0.585789088480344
"0719",32.4653700405997,0.468444972619209,0.532006071583949
"0720",44.9392952712451,0.481353740532594,0.716665866798329
"0721",58.6146411514387,0.543480883246825,0.827897653812111
"0722",37.5435168996524,0.424200112713202,0.679389744977407
"0723",33.4832667632518,0.394245551678134,0.651952319752617
"0801",227.529412615513,1.77985987687813,0.98131072772521
"0802",262.260982992726,1.86577205184017,1.07902104518639
"0803",316.199117168953,2.17285163802707,1.11708287257046
"0804",305.053780043161,1.89372842018398,1.23655525619993
"0805",190.974516291805,1.31814696745845,1.112157763272
"0806",275.658167804696,1.73382857565334,1.22044868198895
"0807",339.289318496443,2.17883327588468,1.1953662834081
"0808",240.226933371913,2.01142000451544,0.916798187669841
"0809",264.473633322293,1.80125576426724,1.12709834432289
"0810",370.060361163009,2.10639733742712,1.34861220293548
"0811",190.918424047842,1.00893132582249,1.45258330447338
"0812",160.904495491031,1.47086750203485,0.839748891539623
"0813",181.297847655005,1.36544774796481,1.01923041868871
"0814",440.69185656701,1.72607531240215,1.95988278506495
"0815",209.780843191989,1.38350382013658,1.16396595535466
"0816",453.277112094054,2.4591115705145,1.4149476456022
"0817",158.274999304096,1.63900121795678,0.741289515796259
"0818",346.124225849929,2.28829958902776,1.16111150589954
"0819",345.790627653874,1.77951347789574,1.49164937380601
"0820",96.9475455823038,0.936286247215477,0.794845991122878
"0821",329.272528425317,2.15546529168318,1.17265235043593
"0822",136.609861313319,0.96451923140676,1.08724137945496
"0823",374.983294246966,1.88310722992548,1.52859235475922
"0824",448.622824457101,2.05963720860073,1.67203533123015
"0825",399.042405516903,1.83835212202274,1.66626918557437
"0826",397.955635453792,1.66001152140111,1.84025654371853
"0827",151.101597282135,0.974429465641993,1.19034666922401
"0828",392.718896314595,2.18692145185105,1.37848939001325
"0829",482.820991242527,3.22826256790983,1.14807988187589
"0830",209.796463537283,1.36952707350516,1.17593239604277
"0901",337.671264611683,2.11047464007711,1.22819911534931
"0902",328.73902733425,2.44948594283042,1.03022273160154
"0903",423.465000025721,2.62525490518664,1.23822867253798
"0904",272.814801155291,1.72071551621381,1.21706470380076
"0905",251.883548070589,1.84570060644128,1.04759486545595
"0906",312.901091290682,2.30780442642425,1.04078947000434
"0907",287.54400869803,1.97939772537508,1.11513146450245
"0908",197.050005212186,1.43404369867967,1.05479698330354
"0909",342.302653198208,2.71296076242663,0.968548932160439
"0910",372.867122239844,2.41928084825321,1.18310316812524
"0911",392.63765846046,2.91782409545222,1.03296988074069
"0912",403.87382030593,2.58449843842687,1.19956626086499
"0913",314.907952593719,2.37077250211985,1.01964398316631
"0914",400.442628170085,1.73712049740917,1.76955950841955
"0915",355.315883081122,2.22555633304875,1.2255494622636
"0916",212.000477677478,1.38932035677862,1.17135693778936
"0917",216.581518468635,1.32929903214454,1.2507010647817
"1001",196.261107383994,1.32132891425729,1.14019234314302
"1002",243.079818336593,1.85305413688808,1.00696786102978
"1003",214.768703152094,1.54690352540926,1.06576776218491
"1004",199.756251856361,1.38635600186187,1.10606443356169
"1005",224.56891158355,1.42919830933314,1.20617953105139
"1006",208.844892731657,1.43750472203117,1.11524270988255
"1007",191.12418971231,1.41475334569425,1.03702623014846
"1008",181.898473775018,1.30697996716726,1.06835340382874
"1009",190.161279328536,1.54565256356302,0.944419674370387
"1010",145.952232825783,1.08457096664483,1.03301727158217
"1011",143.48430499469,1.08323674023972,1.01680068638509
"1012",216.127708829953,1.55513649163103,1.06683376144594
"1013",253.524966963088,1.71962411138565,1.13172790078819
"1014",264.081440594497,1.84282691108828,1.10003916724143
"1015",200.242734289522,1.39502955158679,1.10186445440244
"1016",185.665969172749,1.34617835280499,1.05872829557891
"1017",204.875133757268,1.4532323467468,1.08220368385387
"1018",188.784326743464,1.29336500067228,1.12046848254262
"1019",204.187088417142,1.39416339335617,1.12426687518108
"1020",203.157434178874,1.53076443554791,1.01877708834759
"1021",216.266291156148,1.66647971176998,0.996193297617405
"1022",161.706221874875,1.21896916683245,1.01833066921435
"1023",215.028233183422,1.39453619496691,1.18364238813964
"1024",208.274618015783,1.46074311411202,1.09450389835401
"1025",218.028173167027,1.56416673073495,1.07000149728099
"1026",202.933950505662,1.45993892738324,1.06702559011123
"1027",168.250789921245,1.20500537381241,1.07182267872837
"1028",197.855394193909,1.36438244928753,1.11318304955388
"1029",265.559785952816,1.66204523498246,1.22651901123211
"1101",70.4501236768279,0.644340460533804,0.839307628710108
"1102",114.790591131823,0.99707720449707,0.883755885041661
"1103",118.418117038374,0.984441927877697,0.923385100743407
"1104",46.9695811594956,0.476903251615976,0.75603381020836
"1105",76.9826772088252,0.726458872321412,0.813461104448536
"1106",88.5535871247321,0.748427909165245,0.908261693619471
"1107",132.246435490692,0.982683380809266,1.03305912376151
"1108",153.77568206231,1.21870948483932,0.968595138034017
"1109",97.1343548304937,1.31790987403721,0.565772666367832
"1110",86.9432158457311,0.714617576076159,0.933935363193494
"1111",150.105596114351,1.21481255174901,0.94851112032862
"1112",86.5327045598365,0.726602000981843,0.914194285065548
"1113",128.635424465884,1.0880399531592,0.907549986595933
"1114",101.066475926253,0.798892441382679,0.971121623188286
"1115",68.1296420993662,0.584361525721824,0.894971709042332
"1116",158.543869048641,1.21188251885767,1.00425440485552
"1117",81.1370223980625,0.788921476580999,0.789478124459587
"1118",112.885912519891,0.851794639497797,1.01732486438154
"1119",145.311781280656,1.18781396711879,0.939089992996665
"1120",183.060501308962,1.31732728188196,1.06673310952311
"1201",168.806648021487,1.29787518397413,0.998415768650717
"1202",151.082933184771,1.22959291930675,0.943211024113265
"1203",105.348068807928,0.891022343613197,0.907596469621787
"1204",94.0706177796112,0.732960277930379,0.985209000835212
"1205",232.791236645439,1.64372686841829,1.08715579973851
"1206",132.254852853727,0.977342129854505,1.03877098503522
"1207",170.424355913583,1.24414634954988,1.05151386987774
"1208",182.696027839071,1.39086937757683,1.00831812394113
"1209",157.247924300048,1.18865279421999,1.01551120485156
"1210",146.873774586751,1.11054293310622,1.01522830413339
"1211",217.412617013474,1.41391872156685,1.1803617092329
"1212",169.478539943766,1.37500237808428,0.946163256339388
"1213",128.289956177935,1.03219516418761,0.954081886159802
"1214",144.1767244495,1.14857702146693,0.963584587669348
"1215",232.520714065631,1.39433774993552,1.28011349620609
"1216",233.534043712777,1.62708185739389,1.10178184193634
"1217",175.35599347468,1.28852790222451,1.04467595957885
"1218",137.336798196294,0.994016896747264,1.06059106806577
"1219",114.178371010479,0.902622651351609,0.971029510037008
"1220",148.166547189969,1.14119320997543,0.996657169639325
"1221",120.858073601952,0.987699823653995,0.93930255840533
"1222",232.880608993726,1.51019578249526,1.18373609064877
"1223",291.307291723934,1.87676955177679,1.19150322047835
"1224",117.094957205119,0.973006153696466,0.923798853969908
"1301",213.5619851599,1.38301911528468,1.18536085281515
"1302",142.057205033734,1.0732146017004,1.01608843126348
"1303",144.053024001563,0.99788400634135,1.10814637831223
"1304",225.101005441745,1.51050724228403,1.14395630638478
"1305",205.898653678321,1.39004784201512,1.13704740897954
"1306",157.016911196402,1.18719772874181,1.01526212896348
"1307",97.5694748817425,0.843906711724074,0.887512218139159
"1308",103.46063197483,0.898414460217016,0.884001918180846
"1309",136.395031349118,1.12767828834555,0.928470575621114
"1310",136.222925101633,1.11407830479588,0.938618907721015
"1311",104.732924481141,0.825994308384787,0.973331972877478
"1312",115.09217127818,0.955206511318486,0.924918195015979
"1313",133.293240727245,1.00105768236705,1.02212459338091
"1314",178.385848593428,1.36367619680953,1.00416239331733
"1315",110.234029690622,0.905077592350443,0.934942031880048
"1316",130.288480067081,0.998926335800709,1.00121504836335
"1317",151.42174711255,1.10728701350743,1.0497426927722
"1318",227.611484585125,1.71530072394401,1.01861182699278
"1319",171.168722194451,1.21458156446494,1.08181385084009
"1320",135.343686987282,1.11867558570593,0.928728252074546
"1321",119.081867526745,0.922386271382968,0.991031868870335
"1322",174.72880391457,1.53215275050296,0.875421589114983
"1323",117.751051251109,0.865642794462477,1.04419326717054
"1324",84.2751764385532,0.709014502169783,0.912429600537987
"1325",101.435956247211,0.798084298888089,0.975658819594166
"1401",235.714503343812,1.12973513451088,1.60163844037727
"1402",154.923209840879,1.30099832259556,0.914101799233852
"1403",158.053335292624,1.18953640526131,1.01995436471567
"1404",215.290625558237,1.6986202986196,0.972934545419014
"1405",112.227827687226,0.699015901547876,1.23244717918648
"1406",93.8634807783272,0.693332628910602,1.03922558486256
"1407",95.5641192951269,0.632400313866171,1.15999895723739
"1408",33.5443393914545,0.186578985597016,1.38010245936215
"1409",132.194411662113,0.688789790786688,1.47326614408167
"1410",171.200045839186,1.25568086431148,1.04659682890004
"1411",201.972544112152,1.08353086182029,1.43088873367616
"1501",317.522094496805,2.13220337251389,1.14314188739247
"1502",299.883157718034,1.89910056783316,1.21215714423278
"1503",256.90683908969,1.44836753832088,1.36160675407766
"1504",193.443948936234,1.18285827295052,1.2553859141305
"1505",262.421583772441,1.59728334203086,1.26116643451654
"1506",499.955221009686,3.29785031443854,1.16373737443279
"1507",162.364834403172,1.2253441289114,1.01715868940023
"1508",222.082720821094,1.37970370157216,1.23561665603487
"1509",329.643195852773,1.73257119231531,1.46052111740419
"1510",220.225649189257,1.42790503079748,1.183922812979
"1511",144.237724004188,1.07963386162518,1.02555079918583
"1512",272.390885582466,1.63606623001993,1.27804605770114
"1513",198.285228197964,1.38033452338352,1.10270876115611
"1514",242.533133874923,1.70115903180542,1.09441232952104
"1515",207.114265635747,1.04367593505967,1.52334810792115
"1516",270.742919750181,1.69902949443609,1.22323811232705
"1517",254.951470545506,1.59443922274385,1.22745157026864
"1518",268.26896513387,1.79561862275729,1.14686195717595
"1519",251.458315305051,1.66037881989207,1.16255532741483
"1601",89.0329823830056,0.688722019440538,0.992342900645544
"1602",100.688719322681,0.796599942829656,0.970276158284313
"1603",95.6298905635357,0.971892234274515,0.75531891508415
"1604",97.1632078209347,0.861129989807674,0.866139697805294
"1605",93.0256931414646,0.85289715515721,0.837261386862906
"1606",89.4032208857641,0.744829788095578,0.921405800506036
"1607",119.332144740394,1.04463686272737,0.876893625646453
"1608",107.491593516973,0.922251607064099,0.894705061759267
"1609",105.662475369362,0.934895818296528,0.867585684529194
"1610",57.9946853328712,0.590553988697854,0.753847333692275
"1611",64.9132151754638,0.735403971650115,0.677582160496563
"1612",84.2866616844845,0.828564522320111,0.780885454708574
"1613",91.3259214526058,0.849874100934073,0.824886663125492
"1614",53.3646055171904,0.525571874930982,0.779427995243294
"1615",75.7445620276521,0.539666652548898,1.07740922547995
"1616",74.2270490996957,0.544412854050265,1.04661905813934
"1617",162.203861143499,1.23783530267204,1.00589613038792
"1618",157.649883281145,1.32774162958761,0.911454293810813
"1701",153.831144306248,1.16571499044575,1.01299360393486
"1702",151.711477995527,1.15468575054425,1.00857789799566
"1703",177.694459479428,1.39616847376307,0.976991698169329
"1704",236.318001997254,1.77461788752146,1.02222562897117
"1705",147.690960569526,1.20424199738302,0.941445014698037
"1706",159.132618434999,1.33308325594779,0.916340220394633
"1707",172.636510449228,1.33035331203356,0.996140201994325
"1708",171.269748996366,1.309460026243,1.00402200161703
"1709",164.111476658821,1.15781914793517,1.08806048783171
"1710",176.44582090289,1.45896226979929,0.928372205642503
"1711",151.788919078992,1.20166100783317,0.969645336295269
"1712",191.902387772832,1.38172444578635,1.06613880537503
"1713",159.928439824149,1.23208906950625,0.996410762103001
"1714",194.416629660117,1.48184840495501,1.00712748196643
"1715",158.256345466398,1.22912798528791,0.988368372038946
"1716",101.803375237899,0.844750343721132,0.925099856857674
"1717",132.921395141776,1.09512911397531,0.931717773144441
"1718",145.524235434781,1.22848234289176,0.909329376319447
"1719",152.673351125017,1.20786365893499,0.970286831661395
"1720",200.872100599241,1.31835807861377,1.16960993931009
"1721",193.422878829903,1.48887642860987,0.997249902151592
"1722",147.993858664418,1.17979033765562,0.962927683591693
"1723",87.7904174726723,0.802992246653204,0.839248504779314
"1724",180.578227837603,1.32725090030411,1.04440074244386
"1725",121.049281060077,0.909042316980397,1.02219305907291
"1726",73.4941289936931,0.654024613307949,0.862607775327534
"1727",131.843409099863,0.995464874386222,1.01668706389645
"1728",127.203568303151,0.898376698443473,1.08691511743508
"1729",147.490208440885,1.0834446166233,1.04498796134997
"1801",162.076138325489,0.696675409199666,1.78584356420307
"1802",235.868061250909,1.63811945882176,1.10529544929793
"1803",56.1022570075809,0.556243326090126,0.774230603536409
"1804",182.129742359269,1.23159059170865,1.13519200686953
"1805",106.248401199309,1.07020521589011,0.762096828337501
"1806",213.338783302529,0.943256371360981,1.73618052516494
"1807",194.638320039928,1.22601263904525,1.21867587517587
"1808",45.1472758522918,0.416754230270715,0.83158442656299
"1809",226.629917040124,1.21767874972767,1.42869434801891
"1810",230.700593744299,1.20323025892302,1.47182027440257
"1811",322.17850219521,1.2274995584874,2.01479111700788
"1812",239.088925776536,1.29927849305438,1.41257665624906
"1813",115.59855837038,0.645050658760658,1.3756672832285
"1814",154.045814090063,0.723631822624725,1.6341317130201
"1815",107.446327876851,0.711073098549334,1.1599309660361
"1816",182.432779175335,0.848274381831266,1.65090216367121
"1817",239.466171598211,1.21566542009529,1.51211534862947
"1818",179.255608839619,0.984962323638585,1.39703713050263
"1901",52.6265586159554,0.604652014602493,0.668119705464871
"1902",68.740444558961,0.638647942485571,0.826238890359785
"1903",36.51627832368,0.424896722202658,0.659717404424428
"1904",33.7181277881844,0.359806448526771,0.719365032638195
"1905",41.5053341816562,0.519847840226844,0.612889928641068
"1906",32.7840960697061,0.458515263116705,0.548863348054606
"1907",67.2234345523393,0.797553507797437,0.647016985431489
"1908",61.2776616724438,0.630652827252033,0.745876031218647
"1909",58.6267618003215,0.651668673245968,0.6905957106132
"1910",164.508853472669,0.96395369770433,1.31005013389946
"1911",61.8575364009416,0.606378159355095,0.783075944250503
"1912",102.745204213854,0.905036538019967,0.871465624366608
"1913",87.0029435936474,0.800089846794658,0.834737647626589
"1914",31.887912066335,0.276117726469129,0.886516062469364
"1915",62.0162381674033,0.624955201654612,0.761748040312553
"1916",83.4922102353469,0.946910652701514,0.676848965541818
"1917",47.5668448072954,0.475182291465655,0.768420444669424
"1918",67.4682426015283,0.681744333171194,0.759683467251138
"1919",37.7369354649263,0.478977682072834,0.604792177168577
"2001",115.471326858478,0.700078863033628,1.26614080265396
"2002",66.688239961952,0.473515152389991,1.08111075711869
"2003",218.211109223911,0.980824227136968,1.7078136723046
"2004",159.558262725263,1.08145955255553,1.13256681357892
"2005",39.403223023325,0.365407107864406,0.827769784703493
"2006",260.473528368094,1.92577993624314,1.03827345122288
"2007",169.897534323248,1.25535685622266,1.03890226026374
"2008",40.7811179593633,0.395504886931057,0.791520353502405
"2009",65.5631778359381,0.518417085534993,0.97081282115698
"2010",113.657462380027,1.03598050573103,0.842172751973604
"2011",42.0092527868181,0.598767302496184,0.538569424799622
"2101",149.126560807479,1.02653468100477,1.11515744880287
"2102",159.376930713384,1.12643960602409,1.08610636981608
"2103",122.932550749174,1.10245045535381,0.855978045129521
"2104",82.222406190116,0.635754114130753,0.99278639398546
"2105",287.302934089004,1.94385152479402,1.1345712791997
"2106",112.362721640816,0.789138285512735,1.09300953358101
"2107",122.335109287454,0.838264635930109,1.12027535831189
"2108",92.1184693313092,0.709442472229658,0.99674563396976
"2109",199.309265169325,1.0210694112068,1.49839748650238
"2110",116.371419266645,0.829668438560378,1.07670461732859
"2111",131.022376875806,1.08715273186979,0.925144829690171
"2112",130.300565713702,0.834819667407899,1.19814241604906
"2113",111.513695547717,1.04177893032492,0.82168896137494
"2114",262.334828952982,1.72622783861849,1.16657496299252
"2115",229.673026287315,1.11743663918758,1.57776348094127
"2116",114.673394692147,0.800044291885893,1.10028059103506
"2117",205.497144992456,1.23220217946461,1.28020239039018
"2118",141.708884992537,1.01899545682897,1.06752891480528
"2119",140.205704635,0.983175437873209,1.09468578343642
"2120",192.848083855432,0.929608309062665,1.59246591327406
"2121",151.908288741538,1.08093321736555,1.07879126732843
"2122",253.195654855986,1.78358035591172,1.08972868198547
"2123",254.604778906354,1.93091434357869,1.01218140903508
"2124",379.861479513127,2.80081952053946,1.04110598876351
"2125",171.707406437692,1.38746184409082,0.949998224638974
"2126",169.143719639589,1.14361276959693,1.13535504667965
"2127",155.264987785461,1.16959326981209,1.01904529176912
"2128",208.079354625851,1.50449680388258,1.06167731196616
"2129",229.495975174245,1.60777785178755,1.09573073989162
"2130",241.039736773314,1.62413046578554,1.13925920226927
"2131",217.910478404363,1.36316200230453,1.22711554075654
"2132",166.349620551056,1.24239678013794,1.02781821799592
"2133",362.409109777619,2.46504971613381,1.12856931261892
"2134",384.99095073538,2.65599848925139,1.11269852329195
"2135",163.188218773898,1.44222627847047,0.868580772802297
"2136",85.4657984698167,0.732827302763167,0.89525246795775
"2137",140.718570649817,1.01046811489608,1.06901454681078
"2138",209.431805370704,1.54425676331505,1.04106522125794
"2139",189.614344235019,1.70915743989165,0.851616235666155
"2140",183.389099345504,1.467711662099,0.959152330678201
"2141",368.99382469586,1.79130758144795,1.58126168545605
"2142",158.14935616638,1.23293060364543,0.984653909033554
"2143",155.606361888382,1.1440542430724,1.04408425517551
"2144",205.065571459314,1.52123790212457,1.03478572520118
"2145",294.59833268235,2.15035697108956,1.05165801788792
"2201",466.598804553048,2.9588561399444,1.2105272923981
"2202",386.829173008001,2.6701043013532,1.11210503439276
"2203",242.139118757332,1.60857823150245,1.15552031241925
"2204",267.201322719329,1.7036921014004,1.20393296924745
"2205",132.697545556577,1.87426483694709,0.543483979080071
"2206",391.464805834736,2.44782398174192,1.22762960168347
"2207",322.886003745,2.04296147801914,1.21323199841741
"2208",221.479548990957,1.36546896650593,1.24510681472216
"2209",187.170231669211,1.23876092854766,1.15985605174796
"2210",243.581456573259,1.36352158812173,1.37131434365852
"2211",165.347170181347,1.06582368100134,1.1908751011278
"2212",170.894111148785,1.17685842662254,1.11469920171704
"2213",204.932325808731,1.41117108094442,1.11477087834226
"2214",230.254943194522,1.66906487668858,1.05898682824431
"2215",211.347694895705,1.44539737197913,1.12244499716156
"2216",215.72832822232,1.2412717180585,1.33412072730339
"2217",224.146324856092,1.73727425679346,0.990416922276112
"2218",124.424242681721,1.52677353334065,0.625583372611937
"2219",162.408642060253,1.47602963992134,0.844634604517956
"2220",181.268043578018,1.18525507756574,1.17398956532039
"2221",235.924340940695,1.43343670933221,1.26342376617946
"2222",197.043893858435,1.35563746414761,1.11576885000631
"2223",269.764843035361,1.7064109529302,1.2135468118176
"2224",312.500205890417,2.0451855512318,1.17293084113544
"2225",180.436070109247,1.12289944641655,1.23349475103378
"2226",227.463420483204,1.52358057007808,1.14604310829478
"2227",269.487456461036,1.87451369448552,1.10358236432735
"2228",215.908755233956,1.52255467820147,1.08855949283359
"2229",265.844885801685,1.79482394027819,1.13700210861544
"2301",51.8424474074669,0.502210859573166,0.792417777528935
"2302",74.3905564598221,0.725710637470056,0.786881132667825
"2303",53.7379823718551,0.52303234270669,0.788692344377855
"2304",120.671351936997,0.946197989990605,0.978987104273717
"2305",73.3451126914302,0.744660629732454,0.756079739954291
"2306",104.033621438803,0.842859679099203,0.947486982819175
"2307",101.472262149429,0.752500124257307,1.0351316321715
"2308",132.733149496364,1.01329666839789,1.00553594178584
"2309",171.444635937426,1.22836630643996,1.07139797241104
"2310",222.897963645576,1.77380245175675,0.96461867119289
"2311",94.6779909840343,0.620286157647897,1.17168739605264
"2312",81.4355038103702,0.703515893217595,0.888576223700327
"2313",202.807133999631,1.53115812542177,1.01675893670337
"2314",125.85522443087,1.12033743002853,0.862337388913006
"2315",62.6883956507174,0.483698780649662,0.994871469676394
"2316",132.320774453784,1.00609848099056,1.00958375692345
"2317",110.726302219872,0.887760927928832,0.95743562606806
"2318",119.266598236194,0.971906466099043,0.941996251712332
"2319",97.1898163796383,0.809505595813184,0.921628126640461
"2320",131.956489891266,0.948715173233512,1.06770117813562
"2321",162.035566993643,1.25558605056252,0.990646443964865
"2322",68.7557663859929,0.62569439915253,0.843532215989254
"2323",59.0715523384985,0.555303414208945,0.816587737604726
"2401",132.620869310924,0.931024053335933,1.09346725686157
"2402",123.689065787683,0.889122554642406,1.06788502383349
"2403",155.275595424127,1.17622944316722,1.01336516422594
"2404",105.853246821195,0.761436932387705,1.06714899488945
"2405",196.676475792143,1.28807988773285,1.17209936961571
"2406",370.099826160195,2.06398638328681,1.37647036998566
"2407",110.947410335613,0.851354313633824,1.00037226528951
"2408",172.564727609043,0.990100846353692,1.33791157899512
"2409",101.3570725579,0.83415780264858,0.932740116614561
"2410",40.0616853216371,0.211395426224359,1.45475025688227
"2411",97.6373897745482,0.748062962647974,1.00191948217054
"2412",147.193510659425,0.865093482564007,1.30611205341254
"2413",115.237838259236,0.879636811136382,1.00564922018389
"2414",125.453843402988,0.990644618616209,0.972122287282672
"2415",80.4945779723448,0.658296712951921,0.938641507289261
"2416",68.3214702565103,0.511144424392938,1.02604968101992
"2417",70.831865027633,0.52131405340775,1.0429993992798
"2418",50.5553717786541,0.232702469797013,1.66771229151757
"2419",36.7906323561934,0.216240465101287,1.30603585405558
"2501",102.563249828991,0.793251529665599,0.99251177784967
"2502",56.3792123377748,0.47893981727721,0.903634646218754
"2503",99.9504306170447,1.1885288692786,0.645549796009407
"2504",107.137971763041,0.903031984859173,0.910741446823272
"2505",176.720410611381,1.03139342501689,1.31527682297566
"2506",99.818257877662,0.84746545391892,0.904154808028631
"2507",117.959680141658,1.06322957576604,0.851650393239998
"2508",99.9769328418761,0.946146689479263,0.81114061701316
"2509",54.7719875995255,0.535836424559349,0.784659220896403
"2510",71.971470242229,0.587261136576184,0.940771012320967
"2511",71.5939935998156,0.781659081162885,0.703095024503323
"2512",105.530382235491,1.01900661299503,0.794978388672072
"2513",56.322626255396,0.528971839491756,0.817344526584674
"2514",34.9362575297484,0.377623338795328,0.710186424580738
"2515",71.0151998737927,0.335100879744354,1.62678649949013
"2516",33.2376333748827,0.357299910006705,0.714088435969485
"2517",28.0770599762031,0.245302079378547,0.878628353502901
"2518",54.4259667393917,0.450036062889036,0.928354077294027
"2519",46.1587854635187,0.475358257421553,0.745397865062212
"2520",35.6135309287193,0.38035379756018,0.718757006703509
"2521",38.4577940252523,0.412754449228227,0.715232794951251
"2522",87.8277642873692,0.78228141226697,0.861834013990711
"2523",76.0993435623163,0.674948467348146,0.86549608736284
"2524",70.5577107007036,0.586071135189331,0.924163821130007
"2601",117.488344837369,0.998415591606102,0.903312967808782
"2602",211.495968895933,1.73657862056991,0.934894183942856
"2603",131.430402841611,1.13821393490043,0.886393891772739
"2604",120.221278202135,1.05009417364666,0.878836136387782
"2605",170.06000846411,1.05615750957384,1.23602802805143
"2606",204.199455396225,1.38439916634752,1.13226495154997
"2607",115.349746040652,0.989524865733174,0.894838671787085
"2608",105.745845960367,1.38502310460546,0.586085681664765
"2609",151.151375624339,1.28104040674949,0.905741129417094
"2610",86.0273169366978,0.824516005383134,0.800925463923827
"2611",143.986866726689,1.12091044346088,0.986067805506019
"2612",144.351093064577,1.13099169496693,0.979750457255856
"2613",127.822373752154,1.3332733512826,0.735940144199182
"2614",136.905245406438,1.10265426136958,0.953093574664934
"2615",165.764407011103,1.01296799415309,1.2561756615392
"2616",144.984157229814,0.855630510223029,1.30073581951218
"2617",125.054374351606,0.780622256354247,1.22973850686795
"2618",133.381507648357,0.953733284672832,1.07355301617993
"2619",158.600556826196,1.17620477562395,1.03508635420357
"2620",52.6313521950858,0.0854864638707315,4.72609001246019
"2621",101.233503540227,0.756841819491165,1.02677186563346
"2622",103.988186249289,0.771262119896752,1.03499157710823
"2623",324.671985826725,1.36613202214659,1.82434495441522
"2701",124.218626489545,0.767063034535694,1.24311264035234
"2702",260.725372795188,1.17726551850172,1.70005779955082
"2703",74.9276034862993,0.321746068432438,1.78765376242501
"2704",106.07854433331,0.867126960122997,0.939073696536384
"2705",107.101600583286,0.582527078065247,1.41134977143679
"2706",112.964461774933,0.735827023096614,1.1784764768442
"2707",189.200493946618,1.05950788952134,1.37079617762972
"2708",37.7117860873912,0.171240815861787,1.69053679319658
"2709",39.6393186815587,0.403724548457689,0.753695353096571
"2710",121.925314746001,0.51088739700696,1.83199173477254
"2711",67.2003123169707,0.461085192457671,1.1187806079731
"2712",139.147929064013,0.880903370718172,1.21256014406073
"2713",128.757952389837,0.596320957155436,1.65748193212708
"2714",181.007247131622,0.904460441144275,1.53624754061607
"2715",174.21650685778,1.20840147892491,1.10670753636838
"2716",118.699212401695,0.838464368509106,1.08672095033654
"2717",144.825646715242,0.728917880701485,1.52518205415352
"2718",96.5644634214041,0.532226163563904,1.39275884545509
"2719",88.3821717361519,0.41428202342477,1.63765868976109
"2720",49.6363972759038,0.230091204737845,1.65597984899832
"2721",52.224313932554,0.239371213104339,1.67477178815406
"2722",160.21627813354,0.543226386071174,2.26402175612296
"2723",305.272584725729,1.41210854072926,1.65948961124897
"2801",73.4555609748299,0.758859569859471,0.743050068086466
"2802",99.4484342018967,0.795525913678213,0.959618103445478
"2803",113.928599732415,0.930033007937577,0.94034931176987
"2804",101.350065170407,0.897756853590033,0.86660285782457
"2805",122.414233340948,1.06595169705345,0.881554578848671
"2806",116.71277661537,0.953815905641275,0.939309369985908
"2807",73.2338817606927,0.660337174888667,0.851336240053019
"2808",171.375097615194,1.28175972311283,1.02635099685196
"2809",155.159206932906,1.21228937389642,0.98248531217047
"2810",94.9117714128746,0.899199935706081,0.810249227691898
"2811",77.7193949663396,0.64786873656338,0.920867618547184
"2812",87.3406268309747,1.00778277986592,0.665279567175348
"2813",115.692264843291,1.11715578001965,0.794960225713305
"2814",89.861573771392,0.805589991854231,0.85627797224549
"2815",78.8860953979589,0.659975188060273,0.917545618880591
"2816",92.2214172216574,0.907585807745825,0.780007735717518
"2817",85.3719461342749,0.769066691798333,0.85213027026446
"2818",101.828618074688,0.957666726401274,0.816225700839491
"2901",169.576788953027,1.02579057379085,1.26900261578144
"2902",44.702754271139,0.538940681256235,0.636719468267958
"2903",211.73258357013,1.40436348023929,1.15734538276338
"2904",70.0059922686284,0.496414961320057,1.08254302829254
"2905",52.4693763761833,0.429846778115478,0.937016072697013
"2906",59.0649955051685,0.555879055779647,0.81565157281253
"2907",20.0375435855241,0.480031139220582,0.320427575178466
"2908",59.994418533309,0.579790733964912,0.794317977809893
"2909",72.8541841300329,0.628624155958127,0.889648083232745
"2910",259.467794309469,1.26571154505943,1.57363328241505
"2911",145.401192779564,0.903216243312926,1.23575120837189
"2912",170.203675873971,1.00966396696678,1.29403758879655
"2913",171.059512248255,1.27608035360261,1.02902048593334
"2914",87.4210602721403,0.710636068132788,0.944329674499273
"2915",110.72567484732,0.955699005137944,0.889369057965921
"2916",126.191271008366,1.01057277454103,0.958553891351281
"2917",92.55229307032,0.788621468728564,0.900893391989167
"2918",149.480029424551,1.17968990460997,0.97268031251111
"3001",191.857698106362,2.12622697684889,0.692666875393216
"3002",249.450248670084,1.1954422113531,1.60180693007591
"3003",214.72536569225,1.46010548480881,1.12889599566308
"3004",119.406238679768,0.840848866855613,1.09009384830381
"3005",190.893301399745,0.897854865987228,1.63207218059526
"3006",335.986218321698,1.53563071314804,1.67953666032644
"3007",397.909475606349,2.34924543895358,1.30020162009328
"3008",382.142624077515,1.97512529641703,1.4852024059068
"3009",397.500619081167,1.66724553349695,1.83017686255578
"3010",228.567005663186,0.750320172698775,2.33841576316704
"3011",189.985382677642,1.03109588048204,1.41441205806138
"3012",219.043764395519,1.23748901385876,1.35876501496422
"3013",229.115158730585,1.52844539732553,1.15069098155677
"3014",279.792195128831,1.40070526562249,1.53335829932658
"3015",213.407754174888,1.45375743952257,1.12686803332518
"3016",307.895461596706,1.64257635998177,1.43890636312197
"3017",392.939819276364,1.62483248427103,1.85640300124786
"3101",150.151352387399,0.669552979956922,1.72146863677105
"3102",34.57849644717,0.338424396383995,0.784330775431943
"3103",163.800405397362,0.673522753801178,1.8668847751568
"3104",169.516674829605,1.2259847419269,1.06140755246206
"3105",142.346778413646,1.04746519920106,1.04318865078665
"3106",110.373559862735,0.879888049742673,0.962924960736598
"3107",221.193179873351,1.70882188473636,0.993641561386005
"3108",162.438319672029,0.782863951618994,1.59278444786256
"3109",130.553236798634,0.567518851530891,1.76588397452825
"3110",83.2671887238343,0.470989658828049,1.35711716743348
"3111",161.203142110875,0.872327855899681,1.4185628285154
"3112",103.492236349482,0.671041450136073,1.18389514128991
"3113",162.036507261658,1.00150935036465,1.24197449924547
"3114",189.625992523609,1.13586846768054,1.28151778387097
"3115",181.808730123131,1.05274878537446,1.32569860188227
"3116",207.481685091333,1.44848238475206,1.09956615168947
"3117",112.92370495802,0.962758089828916,0.90037360711779
"3118",122.431995274924,0.832101231288272,1.1294670778821
"3119",144.647517710558,0.997316032934939,1.11335329343934
"3201",55.1977744337214,0.585630631004422,0.723523426030276
"3202",83.5001950936838,0.647119114061796,0.990508202256729
"3203",94.3362498092363,0.817923407524126,0.885361809010625
"3204",94.8334999702483,0.809655512938068,0.899117220548179
"3205",33.5533755762188,0.302405547118788,0.851728694350979
"3206",75.1716931884797,0.618846698586075,0.932451105064267
"3207",82.5986685130828,0.644009471082137,0.984545079673884
"3208",59.8407412519285,0.485542743119667,0.946072264783433
"3209",91.6298107602277,0.667224284385451,1.05419210389969
"3210",140.166535914621,1.03463294800605,1.03995093496571
"3211",88.6492824589422,0.837752547257226,0.812295938120164
"3212",89.6410167777797,0.706123640304281,0.9744977402724
"3213",61.7702848600106,0.511611573348599,0.92681714209348
"3214",43.6319525336777,0.377307562900637,0.887695363530261
"3215",88.5789734127847,0.669667477434593,1.01537449151366
"3216",103.995547152908,0.809373837901464,0.986325805617929
"3217",78.8888673524078,0.713841992646533,0.848337064935375
"3218",89.6344673059321,0.913183128433237,0.753480429458262
"3219",115.954231691053,1.07323385914397,0.829367572483728
"3220",95.4503283309177,0.799820442300619,0.916093371123894
"3221",127.434197879884,0.997423642093505,0.98075638770179
"3222",91.2207649159464,0.811793133011435,0.862587479809301
"3223",110.891051767831,0.92605554704493,0.919209023554464
"3224",106.499788865966,0.783705211373006,1.04315976052605
"3225",112.502328166015,0.934442724593792,0.924195047286096
"3226",97.164525175408,0.815453360918634,0.914667861296113
"3227",61.0095070826963,0.501553372862947,0.933759804049991
"3228",164.328210136486,1.18880163918518,1.0611030028482
"3229",79.7796206836637,0.558616763888995,1.0963085884901
"3230",126.398172138606,0.996576605350895,0.973609761637148
"3231",126.861523719959,1.01557355298697,0.958900079282172
"3301",74.2607574153387,0.78476386188075,0.726398924684149
"3302",63.7551451618685,0.718115033699457,0.681515965122317
"3303",56.9512348597852,0.638514005847653,0.684679825175748
"3304",62.3867895600881,0.66175086885744,0.723690598932048
"3305",72.0785999349463,0.588341641104087,0.940441030178943
"3306",56.6184944738927,0.610156733870286,0.712314397004392
"3307",67.6608692127683,0.728578759805625,0.712879096810701
"3308",63.3582707086642,0.590560643342025,0.823556933928942
"3309",75.6571907485389,0.692395077644188,0.838785768851532
"3310",56.7313875279202,0.59349897783568,0.73376711488184
"3311",64.6877083542814,0.686206201812813,0.723638960369312
"3312",71.966358634003,0.731872491280786,0.754829594003203
"3313",61.3142108246297,0.621428179099866,0.757399499751274
"3314",60.0366001028222,0.552818112160674,0.833659378633584
"3315",54.2134899533788,0.488159084821131,0.852512593750609
"3316",35.5406500973549,0.450860333476917,0.605115327156393
"3317",23.0873095775134,0.297707361153752,0.595303679792634
"3318",31.1649327759291,0.348711537169928,0.686048299195434
"3319",49.7595262447261,0.461197194951914,0.828217482279145
"3320",30.3787237640172,0.353521612045998,0.659642106318548
"3321",32.8191157599825,0.300996745835694,0.836989267697085
"3322",72.5744181126208,0.470096065817634,1.18509116292723
"3323",49.9604782909935,0.516505583921237,0.742516963958074
"3324",32.7242348706801,0.336881062244701,0.74567179648176
"3401",101.130213905294,0.902926484526178,0.859772099743956
"3402",157.100613490701,1.3505635912571,0.892930499211241
"3403",128.349813038324,1.07147793164666,0.919531949554739
"3404",116.9484830372,0.860712338854995,1.04301697799179
"3405",110.854318796149,0.959340817227231,0.887022239331914
"3406",178.672161640807,1.39943917499098,0.980071315282699
"3407",192.409910694177,1.33813041479498,1.10378327676173
"3408",215.648118331494,1.53982879556857,1.07504848122132
"3409",128.16629773801,1.0347191005594,0.950837249486992
"3410",180.236364926309,1.5296921403016,0.904467983850521
"3411",190.19532818638,1.45117006434631,1.00608887794632
"3412",287.867639418574,2.04840432774016,1.07877773804172
"3413",187.107557462651,1.28465851773761,1.11804283443201
"3414",237.063714593875,1.53981835153103,1.18181747602987
"3415",187.098060423067,1.46257532536783,0.981987267889851
"3416",103.543744728072,0.800265706949073,0.993217754930705
"3417",151.551270071135,0.941985244127092,1.2350094888983
"3418",191.648934137779,1.1678949302741,1.25967192153655
"3419",271.250924488507,1.63083100309245,1.27678297150261
"3420",185.691134605304,1.2189443859421,1.16939731470797
"3421",229.133481432824,1.35626082819716,1.29688106404482
"3422",178.038125063656,1.17783552185525,1.16033442729398
"3423",348.415669450445,1.78020611896487,1.50238833481899
"3424",266.220773543613,1.88206751220926,1.08582930081155
"3425",258.413064944368,1.99113627161582,0.996249914635773
"3426",86.96432480901,0.700532476867777,0.952944634700391
"3427",201.621611899807,1.20915079948417,1.28000430108183
"3428",193.663584222534,1.21011184147463,1.22850596187152
"3429",203.898008459594,1.35125357271847,1.15832636758546
"3430",229.26914686255,1.44097888555801,1.22135752235161
"3431",233.334304226868,1.44252547409458,1.24168065495014
"3432",142.642597024157,0.95709557066438,1.14405985033563
"3433",196.61924296481,1.37182658050015,1.10022528111064
"3434",279.949656641308,1.86680335548937,1.15116129797095
"3435",125.038090040348,0.957318664366916,1.00262982390068
"3436",111.035832210859,0.926179993633277,0.92028548066986
"3437",144.881641027183,0.961265116438294,1.156977699035
"3438",109.066566882221,0.952326912253435,0.879144775132099
"3439",196.141788244524,1.19688362233319,1.25797792462187
"3440",151.88876684302,1.1522724694327,1.0118713146828
"3441",259.83081058785,1.56621205412022,1.27348812588842
"3442",152.118980271846,1.20475854889369,0.969255340525293
"3501",151.47046412754,1.23665079027478,0.940233434751734
"3502",142.292911798247,1.14267086198883,0.955909829504692
"3503",118.240638170284,0.925595024569948,0.980619595614318
"3504",93.6275429056209,0.786561515658056,0.913746541873664
"3505",255.913984619273,1.94306996746806,1.01102150526537
"3506",124.641385692443,1.04240008889582,0.917873101048766
"3507",166.52350866932,1.41211601146836,0.905232190854966
"3508",134.738181558448,1.07197006036376,0.964856750673189
"3509",158.767611801405,1.18900861297489,1.02501855099477
"3510",133.605381908078,0.896944920809249,1.14343897596468
"3511",123.829870239782,0.895816869183777,1.06111143641596
"3512",115.802264691004,0.896729905907913,0.991311656503199
"3513",137.383323028429,1.06714791752908,0.988244052962556
"3514",86.8012802319026,0.735531069898966,0.905899295300149
"3515",73.1506393920549,0.670126819883193,0.837945823614158
"3516",65.0412956622132,0.604833817586492,0.82548261717419
"3517",82.2156194828419,0.680887368172652,0.926902108607443
"3518",117.890596740743,0.694232835656658,1.30355340658718
"3519",119.70047575132,0.817361831750153,1.12418124801331
"3520",108.250585009334,0.88576220976344,0.938140571876086
"3521",102.801444619232,0.819971420591398,0.962399338494543
"3522",74.6971586113696,0.775837670071928,0.739074185483947
"3523",102.381346345803,0.777789744839678,1.01044676437808
"3524",92.7559967900519,0.765608403352932,0.93001535517925
"3525",98.1903142503257,0.707465929502708,1.06541285874363
"3526",60.7593486178672,0.549075937570159,0.849445483068878
"3527",52.1377069269195,0.476021621884598,0.840775524567367
"3528",89.6958395879089,0.756736826959943,0.909876071075472
"3529",67.6666744743019,0.55372858145068,0.938064511875014
"3530",59.4608446286274,0.493704185446337,0.924525892903683
"3531",87.2876092576011,0.690904701382806,0.969815820854225
"3532",123.288254379612,0.989966468472525,0.955995906546319
"3601",160.385677818336,1.01654401759971,1.21113961290139
"3602",159.425072431204,0.934392863069662,1.30973044893565
"3603",173.766687914725,0.991000236234007,1.34600780797559
"3604",94.1669782711571,0.743447345635952,0.972306598782408
"3605",191.347896797359,1.23795311726574,1.18651794018111
"3606",168.676049490251,1.11579595458355,1.16044203598348
"3607",164.175718939873,1.07460811560058,1.17277209702175
"3608",220.971101237276,1.01177000477235,1.67651905488498
"3609",183.932080349804,0.964861516794658,1.46334696696061
"3610",164.731639073746,1.07379234237325,1.17763724072114
"3611",163.804341259029,1.03998201198842,1.20907820842386
"3612",124.015894427365,0.70795565007349,1.34470218812382
"3613",121.051889391323,0.990977265816938,0.937697363340168
"3614",86.8434160045721,0.666302820016365,1.00050683689011
"3615",135.35866321221,0.988403975941908,1.05125091500904
"3616",199.78413591766,1.11343452323982,1.37737162063948
"3617",176.523860845,0.811372886883865,1.67008178883061
"3618",109.693374249304,0.932099568855059,0.903385057242521
"3619",78.1363130084779,1.13724949004742,0.527414393209462
"3620",123.5106790095,0.931484142600004,1.01785017866159
"3621",106.020417479138,0.845662919348295,0.962380990184708
"3622",99.6494570988862,0.807029314843859,0.947851802572903
"3623",107.602437543434,0.73531842748941,1.12331478147292
"3624",85.3978822376487,0.580714410752402,1.12885799013033
"3625",111.857616783584,0.77491498868732,1.10806774915187
"3626",103.073190624963,0.706719170414058,1.11957621012242
"3627",133.423827697075,0.90272574443798,1.13457283592776
"3628",150.323139105624,1.02502850615114,1.12575713147633
"3629",193.385438163677,0.623251402695965,2.38185499244295
"3630",98.482756443097,0.767460198406254,0.985051979045606
"3631",108.004408502314,0.746658993550598,1.11038604764122
"3632",153.291033497685,1.0642094075884,1.10571823637212
"3633",95.1436960983427,1.02834765814275,0.710223223547641
"3634",113.071316320416,0.641213745701162,1.35364392379548
"3635",228.835208994336,1.19494355819735,1.47004377743964
"3636",205.716322581175,1.18854789364546,1.32863864224435
"3637",258.799171474841,1.24118552193511,1.60059329946615
"3638",157.298291870579,0.966901008354729,1.2488112639411
"3639",220.711261881848,1.03461472613505,1.63757293542911
"3640",199.79872989486,1.3171513107477,1.16442593172445
"3641",137.760576771789,0.55754331401036,1.89671096152464
"3701",55.7146043354923,0.466278494956586,0.917230480912386
"3702",94.66696355527,0.751574682780987,0.966899017621632
"3703",68.4692128013548,0.67786779589744,0.775363131850159
"3704",73.7037643680824,0.598099566759951,0.945956129739644
"3705",116.305948531801,0.871277497526331,1.02470827590067
"3706",55.1435600550049,0.554011932684577,0.764065333198472
"3707",95.8382387637442,0.781913299471827,0.94088173502548
"3708",91.1493559718579,0.804081854346927,0.870178115377649
"3709",98.8170288870815,0.726471548386819,1.04416226830861
"3710",130.391715737471,1.06963204054768,0.935772784367732
"3711",117.237174701208,0.971939733892992,0.925935682737473
"3712",87.5573051177638,0.811807688046721,0.827930801881955
"3713",89.8344009806798,0.766183779214681,0.900045648994302
"3714",142.544399740278,1.19825359528847,0.913179666502925
"3715",60.3586756480264,0.645121740197663,0.718212299917044
"3716",49.8430436107447,0.495305853367943,0.772477622939395
"3717",62.7114258428673,0.573392011513761,0.839556350547868
"3718",91.6132105808919,0.813792124945708,0.864170494862033
"3719",58.5482530814926,0.597011575385063,0.752811081974982
"3720",59.2519357804579,0.548431279965656,0.82934482749142
"3721",115.262416461571,0.924470953099017,0.957082254560577
"3801",115.926801683212,0.943786872129111,0.942898046563324
"3802",197.100902440931,1.50328772704891,1.00647111331515
"3803",179.826076462583,1.3896053303886,0.993381370725844
"3804",104.25761272519,1.16335829449398,0.687937683317618
"3805",119.015977931524,1.11728305659643,0.817705408944825
"3806",159.245794856848,1.30938461684279,0.933588626865615
"3807",180.051731329052,1.3654011484962,1.01225947796279
"3808",139.32956695532,1.25500054640503,0.852224835550507
"3809",231.904141675014,1.51103315128251,1.17811945057623
"3810",178.731132712173,1.30933133385212,1.04786530349544
"3811",111.460717089269,1.58736215567684,0.539014718820535
"3812",128.379913445508,1.00686441281206,0.978770567453729
"3813",262.065722746763,1.82256466780122,1.1037788995085
"3814",175.505752793916,1.06845739254279,1.26092414837985
"3815",195.944781114989,1.1837934781012,1.27061088544827
"3816",162.582292332651,1.12080803657648,1.11351691891255
"3817",178.700252433769,1.20181647852231,1.1414104001632
"3818",248.676769786995,1.60969469701199,1.18589576454637
"3819",171.991458321393,0.370715499402992,3.56140159414581
"3820",127.76208419244,0.813952240251457,1.2049190727533
"3821",156.893992437646,1.31387866109546,0.916654910176723
"3901",96.5979314404388,0.79355760330064,0.934424427737961
"3902",65.1716382946402,0.81236604967803,0.615831199084644
"3903",194.747858803719,1.60095733772679,0.933786834048985
"3904",80.0379955967435,0.649800064655936,0.945521193084061
"3905",112.603765729769,0.856384268735307,1.00934363220309
"3906",222.034510339874,1.58173980693646,1.07755699516095
"3907",340.864515241026,2.4391751359892,1.07273789379071
"3908",188.898365501252,1.32837478871465,1.09159714073684
"3909",110.248577161622,0.80527315109691,1.05095613027608
"3910",92.3888388594756,1.20958342429294,0.586325113134687
"3911",60.6929367728028,0.521191223851835,0.893914273856836
"3912",64.5215232784487,0.592472690872025,0.83597076315566
"3913",121.3377341402,1.0228617364129,0.910612823511099
"3914",102.263466255799,0.900830031183377,0.871429920119323
"3915",226.949159333115,1.76844452914321,0.98512638341977
"3916",47.8760157260308,0.564003038481023,0.651615447196164
"3917",81.7303454126448,0.707616130826543,0.886625920396018
"3918",92.4893669935635,0.660961882173275,1.07416304399214
"3919",128.707490647175,0.555233049291481,1.77943991528498
"3920",242.24522509517,1.87890137320949,0.989705663428505
"3921",260.509494026481,2.03264847079729,0.983821007144177
"3922",130.062736376162,1.2258173269104,0.814482851504247
"3923",75.6262699066617,0.655143552794179,0.886116906508825
"3924",212.24620713664,1.69837546356025,0.959314579852869
"3925",159.106145162587,1.24085838824944,0.984282008325295
"3926",213.409559964159,1.07463552787454,1.52443001016232
"3927",195.963901458788,1.04374164012566,1.44124522394601
"3928",166.060372403085,0.997839023315469,1.27749831843068
"3929",123.813382729928,1.00219916473574,0.948349384392292
"3930",197.503250304306,1.2198235894047,1.24288811004473
"3931",144.489742634298,1.0953639643735,1.01258941238566
"3932",95.992234779012,0.741019403584395,0.994400505194464
"3933",116.66006239941,0.969053449208817,0.924121951505524
"3934",101.699278954552,0.91948265843745,0.849041942557656
"3935",176.105833530443,1.08842926765633,1.24201930083291
"3936",164.512455417902,1.20023711010099,1.0521715333726
"3937",146.240262340047,1.19273237835014,0.941193160152904
"3938",189.173771112361,1.20224518047284,1.20787694129315
"3939",149.992757402335,1.30639715809401,0.881352977367228
"3940",80.71057411091,0.505463024632053,1.22573294351883
"3941",138.128653266326,1.19709435103073,0.88574806037015
"3942",130.517203785313,0.895690257806312,1.11857400968484
"3943",132.059214944033,0.944326402432605,1.07349837842854
"3944",111.798082210531,0.968524443167479,0.886091523125633
"3945",340.279990805763,1.57831505515718,1.65499820508586
"3946",305.732384332202,1.65171096020426,1.42089572142084
"4001",79.6753766138772,0.579454638165529,1.0555030568272
"4002",112.132092972997,0.937111774169448,0.918530005218276
"4003",206.729469394826,1.4662605680143,1.08229598792873
"4004",159.601019921906,0.888968906546151,1.3781735330355
"4005",201.220434231312,1.53852781075743,1.00397187017047
"4006",95.4469077866221,0.564722024143003,1.29742407177211
"4007",133.319845678243,1.11564002810253,0.917329855238371
"4008",93.1434911165411,0.713542620193154,1.00204541862727
"4009",127.296805904785,1.03694887639672,0.942355945863123
"4010",69.5946950473308,0.452610642248795,1.18033745540005
"4011",109.890822584545,0.689748115610892,1.22299791179142
"4012",82.0423916740684,0.573250125046485,1.09862371124994
"4013",110.303742965384,0.772145134592859,1.09659465406195
"4014",116.359897016794,0.764765962162337,1.16796436296961
"4015",67.7033460695993,0.575867224817686,0.902490388586726
"4016",78.6971790313029,0.521763124989628,1.15781879772021
"4017",84.6041502499418,0.598445258264692,1.08523065126697
"4018",73.2118100236466,0.456562027450795,1.23093797436088
"4019",70.3855554037036,0.508134126159987,1.063310231454
"4020",56.523836953449,0.420617474733357,1.0315710299631
"4021",49.3437931733935,0.400749956196781,0.94517856054875
"4022",83.2685107798349,0.476910970235606,1.34028852372395
"4023",90.9069248927376,0.59111809656656,1.18053135349344
"4024",146.805259577964,0.896179091909144,1.25748154981028
"4025",123.679629959396,0.771184275102025,1.23110423588639
"4026",79.9525936357882,0.495928551491713,1.23756568388986
"4027",83.6556807368519,0.540637091045563,1.18780298890778
"4028",164.540173029701,0.867232449790229,1.45643545852439
"4029",96.5174941088813,0.716121612223926,1.03460380404538
"4030",122.746913552529,0.984407477502024,0.957173112674749
"4031",106.527520505385,0.777638592535191,1.05157154783907
"4032",144.469673807004,0.914291465754854,1.21296100774506
"4033",67.2932096736983,0.474970020905444,1.08757660885647
"4034",85.4694893575601,0.736810335701502,0.890451385036577
"4035",114.911972668662,0.7878525626189,1.11963158645027
"4036",94.7099684475835,0.681059404125471,1.06749416965142
"4037",207.880601890709,1.28231703641937,1.24443829534079
"4038",261.692310358443,1.75649057573653,1.14366795163504
"4039",77.6476718258438,0.52323856598055,1.13915679641387
"4040",278.900484008971,1.83487423064108,1.16680365379956
"4041",131.679708902312,0.774586810248175,1.30497915383262
"4042",117.675550376951,1.04745761929706,0.8623917473263
"4043",87.0791866720232,0.645680313589723,1.03526524063199
"4044",204.162846031806,1.41256318503837,1.10949063750624
"4045",225.801293858256,1.5729672535172,1.10194916094333
"4046",206.471157458478,1.61015335471768,0.98434415103016
"4047",43.5741494705689,0.421163948799957,0.794204866239173
"4048",175.739237097137,1.21836306348168,1.10725289991755
"4049",195.566917078662,1.40287420098526,1.07011752118762
"4050",177.553459030144,1.21382515941646,1.12286570155977
"4051",86.7042496477383,0.578724902156608,1.15006669768169
"4101",66.4567938647218,0.606893491484417,0.840585161365941
"4102",68.5083900298675,0.632660133513152,0.831243202313034
"4103",73.4860287168659,0.668229907377746,0.84417732564841
"4104",100.106102374653,0.995629058878949,0.771823153697516
"4105",55.6614865661924,0.516448363132416,0.827337499813401
"4106",83.2833012767659,0.792289305025486,0.806917161739777
"4107",60.2506929827267,0.562933443357729,0.821598825564189
"4108",66.2112854677209,0.820020138292967,0.619815332763681
"4109",63.1144077163372,0.662723186986408,0.731056864109551
"4110",89.0017827735955,0.829529878141853,0.823609764235949
"4111",67.9484797525305,0.670781987553541,0.7775944752902
"4112",79.8231640577449,0.792937497983854,0.772760289050505
"4113",96.4079659773695,0.9645995615906,0.767221339583129
"4114",90.9396120224076,0.821251904330081,0.850024652372628
"4115",105.248630200139,0.915367951112955,0.882623656200351
"4116",59.1235643626058,0.625394688336541,0.725706869119208
"4117",108.716554380149,0.93769197642027,0.890000587993898
"4118",83.3313289325732,0.916519335622683,0.697945465589058
"4119",87.8006738109264,0.894254380898119,0.753687975144897
"4120",72.9298133620461,0.830447840934395,0.674136055683558
"4121",92.3180578250545,0.839718001696808,0.843933078261315
"4122",77.5428334782022,0.755396734098262,0.787991218095775
"4123",97.9792261395407,0.94973148578907,0.79193216533189
"4124",85.8219259447304,1.11252012536782,0.592168353447596
"4125",109.180714551313,1.11494500753964,0.751704757642667
"4126",81.4270033359895,0.828475188448646,0.754473099255395
"4201",113.522274149228,0.963949387279727,0.904027548247727
"4202",71.7109965380164,0.640442869862411,0.859528292572384
"4203",95.2037306427534,0.752263216119931,0.971491386601265
"4204",49.7056420025748,0.462810413562674,0.824436819288804
"4205",108.076359842945,0.903413019602967,0.918330856999407
"4206",84.3710999540114,0.653084983252604,0.99169660634438
"4207",78.5313229531594,0.725318006413989,0.831130592787471
"4208",87.6586751037645,0.714276459364455,0.942070444700669
"4209",79.987553240775,0.63805461939643,0.962319683164847
"4210",73.2132315699542,0.603892829034257,0.930646006224806
"4211",104.864178031064,0.839685742313277,0.958661291357007
"4212",66.1282408954156,0.650254517253185,0.780653670447892
"4213",180.044215199748,1.34966265606121,1.02402074409815
"4214",110.437943708032,0.860496774163487,0.985198810952251
"4215",18.6341668722217,1.14570571442007,0.124850910822153
"4216",90.1910406268515,0.764419307999035,0.90570457941669
"4217",123.052723331177,0.956787153180065,0.987258105821826
"4218",156.15895898262,1.17545828970734,1.01979879839847
"4219",117.487682611934,0.935721572965371,0.963830153907221
"4220",129.110341279191,0.893012599840738,1.10983459040461
"4221",69.4170529989713,0.554956265772525,0.960201161681046
"4222",85.4008112826511,0.736018021677447,0.890693661881484
"4223",47.1156554540478,0.396393217715253,0.912417982411655
"4224",166.467286963337,1.24247742564736,1.028478479276
"4225",131.747831504591,0.802203582435247,1.26070563052172
"4301",84.464714174086,0.728988434235832,0.889425327879081
"4302",133.676516339911,1.10728591009913,0.926723464320494
"4303",66.1060309202366,0.594141104631642,0.854095231085987
"4304",75.3873747315505,0.719539895590455,0.80426386180452
"4305",69.6247848154843,0.64789475256718,0.824924528648145
"4306",59.70191148812,0.694630488992607,0.659764902238947
"4307",67.9267470884579,0.666957749963392,0.781802955466007
"4308",63.615858182923,0.624004544800318,0.782586679241298
"4309",91.7150490258315,0.698954881969578,1.00727086843524
"4310",75.0479106911704,0.707357680330881,0.814431094914934
"4311",39.1071144004789,0.327118119979694,0.917711098845857
"4312",66.686622584074,0.587766009332997,0.870941669336152
"4313",90.5300893703403,0.746351854194376,0.931116766228709
"4314",82.9957393002557,0.695650881031079,0.915839292450954
"4315",74.0015280067993,0.699650748396272,0.811921792155323
"4316",86.1622769005964,0.822570205578021,0.804079529828874
"4317",51.403407445806,0.485434512684821,0.812860598324126
"4318",71.0081085569225,0.652196086026116,0.835765751095825
"4319",85.2121644354015,0.728838251884771,0.897480978623518
"4320",56.9838682438088,0.663051646337533,0.659719594417945
"4321",89.4631666866702,0.648408703030471,1.05913237889725
"4322",84.0525699663843,0.655432467723777,0.984414177494169
"4323",85.2987152829762,0.695397960799521,0.941594452586451
"4324",112.994382018354,0.878711378050296,0.987109690049848
"4325",85.0017727522899,0.749597086613779,0.870472202793844
"4401",106.817400715381,0.949206556569585,0.86384552963902
"4402",133.593175641016,1.09627352062662,0.935449103589245
"4403",97.3138295941907,0.802410153297651,0.930964160466276
"4404",104.658369709237,0.939655858463841,0.854987870235145
"4405",94.3334941996209,0.75457685733876,0.959659692248545
"4406",179.833694781569,1.38358275652101,0.997747711332895
"4407",131.420911190615,1.08604479342056,0.92890553345056
"4408",96.0836434815773,0.697004921340579,1.0582016453093
"4409",117.039509414168,1.05752343826911,0.849566355206217
"4410",102.656944175061,0.768095594391365,1.02595395991593
"4411",157.099600615903,1.22091000274573,0.987748190991438
"4412",93.0496185985734,0.76392915810179,0.935010148002828
"4413",121.674425222665,0.886611741658832,1.05346627935784
"4414",147.36359613681,1.06070729221152,1.06647203144912
"4415",130.348524138965,1.02489498557441,0.976296121118432
"4416",99.4093527850578,0.877564547968492,0.869566879868049
"4417",108.411901564328,0.778642113074362,1.06879370446017
"4418",112.250547058918,0.90096621794544,0.956389441439257
"4419",133.435867617178,0.994787821823734,1.02966734022197
"4501",134.391004824968,1.22071720737924,0.845103593711742
"4502",81.5279554421936,0.764073935956765,0.819079355303097
"4503",232.117801010187,1.7750905477596,1.00378973469895
"4504",198.841420302415,1.52349476316094,1.00189152918802
"4505",144.245000114263,1.0972166253574,1.00916737679816
"4506",773.702847488272,0.944236761399342,6.28996319936566
"4507",102.93123707228,0.846161260770833,0.93378924537859
"4508",59.2638025242768,0.534826671357762,0.850611540010944
"4509",34.5525426295343,0.417210802025699,0.63573962453531
"4510",31.0147013510213,0.321140608860353,0.741356655920068
"4511",50.4295017943759,0.483667139429296,0.800373884088698
"4512",37.6421974848774,0.445500762652803,0.64860655112102
"4513",53.0024449996627,0.523097333504993,0.777800488725761
"4514",21.8395161516104,0.23773130749066,0.705198609678446
"4515",128.1906505537,1.0129580646781,0.971448314236713
"4516",46.6686121069508,0.469021897479831,0.763812180869099
"4517",78.5643977260333,0.689150331418158,0.875118026786406
"4518",45.1958933549897,0.417078653088088,0.83183238949023
"4519",43.8076869076545,0.41569625750653,0.80896367682764
"4520",169.489057730073,1.38858214799606,0.936968308009501
"4521",41.4644974835588,0.551179156196419,0.577481977142949
"4522",128.546057020712,1.14171240020433,0.864284761091028
"4523",147.094687649217,1.2370753999621,0.912757965153562
"4524",190.03467035909,1.52965171692469,0.9536633599428
"4525",102.009609128518,0.831317958859549,0.941951917921534
"4601",324.601230317249,1.83249755529519,1.35975783997937
"4602",235.093792016835,1.2854257620064,1.40394138216305
"4603",290.658078505519,1.37539295193113,1.62222248811835
"4604",172.819319888727,1.05250316414302,1.26044440677976
"4605",172.757559921216,1.2519352622801,1.0592781233513
"4606",182.27463139247,1.46413318034374,0.955653511084542
"4607",350.370484641221,1.2362906262919,2.17551334345069
"4608",309.829102495514,1.63759540637534,1.45234706504047
"4609",309.80191506331,1.13348079971039,2.0980930444639
"4610",238.298715336937,1.19460350739156,1.5312733684338
"4611",224.280960893927,1.45630223502252,1.1822129326022
"4612",168.209142828077,1.30906125308799,0.98638042100654
"4613",197.526653322015,1.12473976367695,1.34811974677608
"4614",112.964949106142,0.944732891109491,0.917887571007069
"4615",141.193515419955,1.20849356094947,0.896861176266597
"4616",498.143078584776,1.85538235817398,2.06098813453612
"4617",531.229619627991,2.36102238708592,1.72717757514504
"4618",335.870359392143,1.41812010773245,1.81808204510274
"4619",483.645986431179,2.30021053134694,1.61404193638816
"4620",141.771134917211,1.1090310333611,0.981293519967301
"4621",132.733590947043,1.06446326289816,0.957205047849254
"4622",270.303419198922,1.58338000623401,1.3104522369738
"4623",342.66771022682,1.47280897209469,1.78600049639701
"4701",114.396783729235,0.588904458331072,1.49115842326891
"4702",95.5569727185945,0.858988463322608,0.85394493213037
"4703",60.2109615236604,0.664161896907771,0.695915356583123
"4704",68.4317695602816,0.48276548504386,1.08811894393342
"4705",99.1860377694858,0.676443252462619,1.12557382853188
"4706",76.5175958435802,0.585009827372316,1.00404451586413
"4707",110.917762096714,0.641672965910283,1.32691214722328
"4708",93.3049080502745,0.697513708322236,1.02684893217771
"4709",43.3253648703343,0.373098751036157,0.891401267975453
"4710",25.6981688633325,0.456743383705924,0.431901515006867
"4711",89.9675824760614,0.713586016627942,0.967819868382225
"4712",43.6438127252425,0.357696054206149,0.936619829219168
"4713",107.661606923079,0.757452322913749,1.09108948326217
"4714",53.9944807359738,0.326510519950898,1.26942487501628
"4801",131.042619936323,0.726886548079819,1.38388738168868
"4802",171.490352713179,0.981385670175171,1.34138916851258
"4803",167.988804825842,1.29685332016385,0.994361488760532
"4804",137.076384637177,1.06134076288875,0.991431266143882
"4805",109.440161957739,0.762725118789225,1.10144671427603
"4806",141.041205410357,0.939455693864997,1.15245644748166
"4807",158.406921628641,0.937893538553121,1.29650866682326
"4808",151.230925866218,1.05977847658838,1.09541915225446
"4809",96.7391904325126,0.679383184139787,1.09305614306589
"4810",81.5561078453094,0.696269814582923,0.899153290114794
"4811",38.5761852502047,0.267811238762703,1.10572032859352
"4812",100.547441371685,0.85524218851871,0.902478202626332
"4813",127.531449547089,0.779201866036274,1.25638321571579
"4814",95.0926187016114,0.651795994920753,1.11992756378742
"4815",118.354662264477,0.834466881104295,1.0887572990818
"4816",116.889018374576,0.86404167630896,1.03846971226512
"4817",114.641960741971,0.888469443304061,0.990503291850791
"4818",116.450766668677,0.553337456362267,1.61550049949709
"4819",186.842210939133,0.60422907905666,2.37371289658357
"4820",125.9349352101,0.701006634564238,1.37904649450004
"4821",264.230279099213,1.80325231521585,1.12481448109342
"4822",49.4939519463117,0.541257921726522,0.701944346503743
"4823",143.664206510194,0.767474160552516,1.43694329375699
"4901",96.2000994996609,0.849544667775865,0.869248833888222
"4902",185.820422211251,1.18944882271149,1.19923003115518
"4903",213.360060535319,1.33390501193481,1.22784355635805
"4904",141.899888014609,1.12438785771504,0.968770084939461
"4905",171.131329736257,1.39984843291699,0.938433112397041
"4906",191.381266280607,1.15880650360809,1.26777829950424
"4907",195.575340493857,1.52093660331841,0.987092374732049
"4908",261.519814806589,1.80030156884048,1.11510086820758
"4909",226.010811278682,1.8378638620323,0.943997164461532
"4910",156.192588594284,1.08990419603605,1.10008669428792
"4911",144.417491434679,1.00693911285708,1.10095964425603
"4912",165.200768732865,1.32416637613302,0.957688609132683
"4913",70.4924021624679,0.705739574638673,0.766748001594183
"4914",127.008118433793,0.968686072405427,1.00647557624679
"4915",133.599400069221,1.18720544364288,0.863840263321586
"4916",173.150764125853,1.29470501218163,1.02661687109775
"4917",173.807552904068,1.27843243176614,1.0436278965698
"4918",225.886446249201,1.52383396701083,1.13790848764929
"4919",161.361130449722,1.15841548329335,1.06927493842654
"4920",210.365371419227,1.50078175324548,1.07599814961843
"4921",269.903997091305,1.52291028996382,1.36047262966388
"4922",225.216144439782,1.6158029139238,1.0699560683384
"5001",222.917227811656,1.51712807086505,1.12791456128914
"5002",227.362282772542,2.09677407065069,0.832379925024992
"5003",254.971741120545,1.63024349498775,1.2005890762439
"5004",249.109889577759,1.59752232236661,1.1970129469136
"5005",276.264737468896,1.95150994869479,1.08669957993445
"5006",223.421227114148,1.60632309636872,1.06769287063148
"5007",312.635347959375,2.11874169283637,1.13269994871449
"5008",284.250352602726,1.73066570623484,1.26078965847164
"5009",310.374228423426,2.05990429230633,1.1566272612424
"5010",232.378496326575,1.58738623078685,1.12374595678668
"5011",186.900254784261,1.27670910049971,1.12375788799788
"5012",322.651612265914,2.23851997678558,1.10643951858002
"5013",218.086868766814,1.48808788924191,1.1250083573702
"5014",219.240874594548,1.41716521177673,1.18756080906053
"5015",262.716568416472,1.78075285929247,1.13250108372388
"5016",272.605376885787,1.802940753888,1.16066737156639
"5017",242.392359778119,1.4620673279589,1.27264234139571
"5018",242.473681926991,1.69117504220305,1.1006034256812
"5019",327.542132033236,2.09985501468687,1.19738186362491
"5020",232.165239601665,1.58082268566594,1.12737617028922
"5021",363.447560068797,2.52458247336195,1.10511381659399
"5022",269.198730995275,1.8409069102228,1.12252492805898
"5023",206.308118369644,1.45228756843798,1.09048202721966
"5024",267.303992888049,1.74059653728321,1.17885976365209
"5025",173.010777984133,1.18837992099795,1.11756467978078
"5026",231.657319809682,1.58570123011794,1.12144887131927
"5027",301.568202493062,2.11136179450165,1.09642190256977
"5028",259.104228838511,1.7611047623175,1.12939048244202
"5029",304.873230153247,1.90255496479874,1.23009001621533
"5030",212.72859995591,1.49342348744868,1.0934469522485
"5101",141.165017720888,1.11865535587037,0.968691735628701
"5102",122.773127224388,0.842527682236142,1.11859777974392
"5103",127.124801121218,1.01139559157603,0.964859426219243
"5104",155.963752917141,1.23494251023194,0.969464142057252
"5105",183.115156637367,0.936758949960709,1.50055271016631
"5106",364.172896927983,1.24794720954197,2.24009388478583
"5107",133.216604464377,0.847276688152418,1.20694621249592
"5108",107.618295434558,0.929237370014839,0.889025577404913
"5109",109.57236210901,0.930333876336972,0.904101110492009
"5110",97.9939630573709,0.814077849311732,0.924034523739874
"5111",117.072301459279,0.892359969550103,1.0070914058265
"5112",160.168894426548,1.25431443209858,0.980226800508485
"5113",119.271640937011,1.05129067520182,0.870901815470796
"5114",210.450369304311,1.28656601912455,1.25566106911217
"5115",183.919156063801,1.38794087054204,1.01721045380973
"5116",133.238871512414,1.1113039476243,0.920349758102069
"5117",139.300835374416,1.09150077310249,0.979680552622973
"5118",147.404772494833,1.18930999225861,0.951417840791985
"5119",104.079176958482,0.885496508531059,0.90226021982338
"5120",99.7070186477726,0.759709686967683,1.00747175740429
"5121",90.3244817604669,0.730552214021701,0.94909356989903
"5122",140.182497941718,1.10708693144749,0.972001385959748
"5123",118.025279756345,0.896818559550951,1.01024163952917
"5124",127.805457014975,1.05968238555082,0.925824130860427
"5125",149.971698594825,1.11826885106331,1.02947995826002
"5126",137.221002987412,1.0875581177903,0.968551970069614
"5127",103.288423205114,0.8283071486256,0.957227246607512
"5128",150.091495916604,1.12532235586386,1.02384438590475
"5201",125.513921778381,0.957994877519794,1.00573491344082
"5202",305.707563370636,2.24432580959768,1.04562291799798
"5203",38.1593572079478,0.45762867145765,0.640092351977269
"5204",117.314196370835,0.733206043709763,1.22822900078884
"5205",221.225381004596,1.76593566944948,0.961645241238805
"5206",153.034240632868,0.94005446904021,1.24965579746948
"5207",196.067531981944,1.44331269972511,1.04279769616231
"5208",277.084780440685,1.80346004226966,1.17939955927115
"5209",217.673000742426,1.25415574326149,1.33231803524543
"5210",259.5534359473,1.85485917483334,1.07416414978109
"5211",182.150617676288,1.54509567688618,0.904961461362692
"5212",231.091628403594,1.74280424918191,1.01786555197706
"5213",262.784374502719,1.86135777181767,1.08373848211265
"5214",222.912989413802,1.69670121903195,1.00852070349587
"5215",265.529622034257,2.083406027341,0.978349156460137
"5216",261.87285289406,1.97673520833443,1.0169434318683
"5217",215.597654293857,1.56315312231136,1.05875950649891
"5218",219.241851907138,1.61180646086696,1.04415598803287
"5219",222.760446938613,1.66772187120655,1.02534323439085
"5220",147.094047449164,0.966306550634395,1.16851687455647
"5221",165.513269145147,1.30437526812328,0.974058577207116
"5222",180.929566129255,1.25857278785087,1.10353476181426
"5223",191.922530032875,1.52422447680874,0.96656673046408
"5224",203.557725777895,1.43803290761602,1.08660970486742
"5225",265.275129291954,1.89229683908345,1.07612342407686
"5226",213.889637146779,1.70433857029211,0.96336016691053
"5227",246.303428895479,1.83907090943593,1.02807973114104
"5228",114.995826522498,0.912075572467303,0.967845574226745
"5301",87.8394918805956,0.822610791397187,0.819691112462647
"5302",114.557704046288,0.874121176181803,1.00602198906618
"5303",98.4404116964589,0.883330416950486,0.855470523428133
"5304",129.393397305585,0.982213796944118,1.01125550610102
"5305",108.210078523581,0.867198542822973,0.957864298658671
"5306",91.7227015782738,0.759727998061756,0.926773314175608
"5307",92.3482080644066,0.696833024123531,1.01731292478477
"5308",71.6079731636711,0.583720846759639,0.941696576216591
"5309",60.5267579150327,0.57485613374282,0.808245054593678
"5310",66.7332272568456,0.604231633464407,0.847800139539243
"5311",95.8992193914359,0.820234570740495,0.897494542168334
"5312",137.897990196938,1.11384753012123,0.950357495294337
"5313",100.429837598377,0.893436528357617,0.862886887668638
"5314",101.719200470591,0.943571544344003,0.827528417632031
"5315",141.014179672794,1.21119961152869,0.893720822044675
"5316",110.467153210505,1.03959336728068,0.815688756595504
"5317",99.9225005474736,1.01939476589599,0.752446641638097
"5318",108.422336047407,1.03345440255646,0.805345533557408
"5319",118.899548867694,1.14781873190751,0.795173160178315
"5320",135.835379725808,1.14473303830518,0.910884889674373
"5321",151.966614607475,1.43945275497413,0.810411485362317
"5322",119.830028136339,1.08128119426013,0.850710563111697
"5323",62.7722212341174,0.559649363285124,0.861006235300978
"5401",69.2163542567759,0.642569878360289,0.826881301190786
"5402",79.2042104449101,0.686234775755415,0.885993141930063
"5403",57.0721762588898,0.54593440018168,0.802488442489292
"5404",72.7704272483047,0.6210741193074,0.899427799113449
"5405",59.1201120445568,0.644086165246132,0.704605601734378
"5406",72.9358605484163,0.583903559457024,0.958859118418585
"5407",62.0443516347229,0.675220533659428,0.705360967623386
"5408",61.800927528512,0.66362967414295,0.714864959525462
"5409",97.5492031345922,0.831840476203463,0.900198927563276
"5410",57.3287527371858,0.719906352908044,0.611295643916276
"5411",51.0225432986866,0.581082601228173,0.674029717626662
"5412",59.0636541621404,0.610580489576882,0.742561115627463
"5413",60.624856380799,0.587058543024511,0.792727864992973
"5414",36.7606939836691,0.496428235663782,0.568436609356867
"5415",52.7374512642591,0.524248175017399,0.772212848928369
"5416",46.8949032118327,0.516979693316167,0.696316959737398
"5417",60.9699360981158,0.590770853989944,0.792230380433617
"5418",84.2013598302364,0.70131716234886,0.921636046442258
"5419",57.1914394421619,0.648684449199168,0.676787539887434
"5420",55.9711250779096,0.641654229935815,0.669603614114991
"5421",77.6294331933598,0.836404169668819,0.712467469736895
"5422",56.233634869186,0.654883692055602,0.659153852604517
"5501",102.412358460304,1.0248018742214,0.767127003458387
"5502",115.306783715397,1.01419602586211,0.872745800714667
"5503",89.0889096749244,0.973707404558063,0.702344175284507
"5504",111.891745733295,1.09733847754691,0.782730498077223
"5505",99.1763265051766,0.921411968177984,0.826245263443546
"5506",98.0054460817282,1.10045413267667,0.683648834749139
"5507",155.644271433449,1.3833843613956,0.863664548022144
"5508",126.136221701018,1.18910414208917,0.814281822308417
"5509",75.435991310891,0.775150521558744,0.747046047139064
"5510",78.1817646607294,0.727844462903081,0.824558931388972
"5511",121.359929421577,1.19372405666922,0.780416032849338
"5512",111.967813522812,1.18613897634146,0.724623533389318
"5513",99.4432409935835,1.02761750396267,0.742845660659845
"5514",70.1389516809521,1.08084882611604,0.498137376477052
"5515",84.6921888257189,0.99913628985794,0.65068895902001
"5516",102.381066343091,1.00266226446768,0.783826228922569
"5517",106.697321001568,1.0074685945172,0.812974291253904
"5518",98.9646459322688,0.999124935618956,0.76035269761248
"5519",110.143911596005,1.11373920832145,0.759157349202805
"5520",116.687480356319,1.0630454049087,0.842611266005802
"5521",121.547770798748,1.11335929436582,0.838043328557339
"5522",84.9504210160853,0.896291378160531,0.727563880608804
"5523",73.1148863321286,0.741085134482987,0.757342835346386
"5524",127.627857556116,1.2804512838048,0.765133527711797
"5525",99.2906046078333,1.02898477858127,0.740719910593945
"5526",116.388844777589,1.15840805585551,0.771266738407651
"5527",94.8921682067019,0.869306438834685,0.837938774887392
"5528",116.713228442706,0.975178397789318,0.918736190041346
"5529",113.45647817379,1.2599265374573,0.691255960038464
"5601",129.014735985888,1.1222811927001,0.882454753444554
"5602",106.672465014549,0.981156207522671,0.834581952428977
"5603",66.1005569912719,0.619847822775264,0.818605866819297
"5604",84.5784985780225,0.763397758918101,0.850479607199553
"5605",91.0742029473995,0.710818213993755,0.983539135437623
"5606",238.05326770406,1.91163463160061,0.955925554163338
"5607",161.822276903609,1.46669433101493,0.84694168393389
"5608",210.818577855952,1.78124694391576,0.90853060357465
"5609",130.38832939551,1.17225157833918,0.853832553163587
"5610",127.824868620942,1.03798908807517,0.945316810321644
"5611",77.4139158961641,0.703566497300999,0.844634271731123
"5612",124.3724272725,1.10403401674273,0.864761745077436
"5613",114.4052387916,1.03621412908004,0.847522459808103
"5614",75.621768032009,0.746542566411148,0.777583551789512
"5615",79.7080989879446,0.779989050883726,0.784456306926204
"5616",76.472832768974,0.906454715232862,0.647613479163092
"5617",96.712795239076,0.959159907208914,0.774012068869153
"5618",95.693481204467,0.826386593113766,0.888902044346074
"5619",180.148825200452,1.53026346570702,0.903691169132165
"5620",86.8450761142294,0.809937048379913,0.823092698109232
"5621",94.3010876791192,0.836343631830238,0.865539239280767
"5622",153.235940088633,1.52977034605382,0.768934262576321
"5623",119.669565239951,1.17459541689161,0.782078280704791
"5624",101.27551255147,0.992512948623236,0.78329090212304
"5625",134.032567398319,1.36074052518977,0.756118443145339
"5626",114.463340877328,1.17862446286952,0.745496794983793
"5627",99.7707149911039,0.922823976304362,0.82992534718298
"5628",96.6005126654814,0.869232919263822,0.853096341954338
"5629",127.760807548787,1.35322447565435,0.724740644489508
"5630",166.512870365065,1.19312505520531,1.07131369161252
"5631",120.703927866952,1.22783468128663,0.754633916665316
"5632",83.6739587337867,0.867832011316376,0.740132482553424
"5633",103.522717845561,0.938161782131775,0.847057207203262
"5634",94.2426958153642,0.909626827938284,0.795315147070462
"5635",77.5568853858985,0.732930587418497,0.812292282844456
"5636",93.4239310204432,0.848143357418322,0.845558551359205
"5637",95.0784841132877,0.878887529181447,0.830431396949286
"5638",129.937154261983,1.24444130404612,0.801518863315003
"5639",87.5372457452926,0.880388335675048,0.763261597330324
"5640",68.7672771759801,0.712501353273359,0.740885250934707
"5641",155.772579772229,1.2638209854405,0.946150588431079
"5701",154.132668913242,1.26306348050893,0.936751363848465
"5702",174.643145025197,1.4476034295013,0.926097590407853
"5703",141.951099129826,1.31084769205197,0.8312685306739
"5704",131.590293918668,1.06189417828771,0.951256047993585
"5705",102.192777880554,0.908396886465601,0.863573648299041
"5706",191.889246965165,1.72955477750547,0.85166957167038
"5707",102.366808654235,0.988634010361395,0.794837651126324
"5708",157.826421606434,1.35853807861755,0.891790225496166
"5709",103.978728975235,0.831273071090114,0.960186523828697
"5710",135.13674449005,1.20083373048976,0.863864023640994
"5711",160.577614972549,1.31469611263694,0.937593176897697
"5712",119.940788091979,1.430380483823,0.643680179042729
"5713",201.752560978247,1.54032904909248,1.00544973554398
"5714",148.939868321386,1.31614394503481,0.868685133775168
"5715",121.525020913191,1.12094467583278,0.832216533911528
"5716",109.279983129185,1.03424781834906,0.811093310735518
"5717",196.202477132857,1.3710692886685,1.09849958487249
"5718",184.909689396651,1.39356386477718,1.01856232069056
"5719",122.895052514729,1.01962660905381,0.925226477660247
"5720",88.7188061816198,0.820756533831363,0.829766991427625
"5721",135.72213380813,1.0337797422665,1.00780724298876
"5722",147.826178658068,1.11637371079221,1.01647467639184
"5723",147.616860428451,1.25048977137651,0.906171991315747
"5724",93.8992124195811,0.795205166057131,0.906436887188743
"5725",120.678136706382,1.02185192636839,0.906557680869426
"5726",110.209348156358,0.926088854773027,0.913525321814836
"5727",119.319375054159,0.877356733108479,1.04397373028014
"5728",142.587673729211,1.10571570706592,0.989904545858314
"5801",77.7121193551755,0.741350104846222,0.804674453442446
"5802",51.59372962223,0.469028397946299,0.844408504806203
"5803",180.964497053923,1.43942799452146,0.965068741879394
"5804",224.160497487781,1.75554414479826,0.980171658886649
"5805",189.097706518492,1.53491153380492,0.945709443702461
"5806",132.674819108389,1.11972294972641,0.909562901692546
"5807",148.462785994685,1.13080859719394,1.00782080228478
"5808",131.982874195108,1.28055888276772,0.791175522642891
"5809",164.158925331627,1.31795110137421,0.956136762788293
"5810",143.430525661297,1.38231775780947,0.796505019011386
"5811",119.098313917612,1.02403994526046,0.89277810191509
"5812",127.007361714528,1.04318344442573,0.934594072877236
"5813",157.407969654028,1.26736535656481,0.953409992810957
"5814",100.844493332855,0.972699969062819,0.795844281678581
"5815",54.9481457903192,0.512868792764688,0.822434995936522
"5816",198.939767754916,1.60878487026864,0.949245281791473
"5817",170.007876690356,1.36963266224845,0.952839500734538
"5818",95.742964778505,0.849409235874459,0.865256173670015
"5819",209.984576922132,1.69649247248197,0.950145847077324
"5820",103.05429876151,1.13256628462437,0.698485343066759
"5821",202.931684053092,1.32937993642301,1.171805557427
"5822",124.46547098497,1.06539371835071,0.896795806718328
"5823",177.628683592122,1.45048717597284,0.940056631946348
"5824",275.731774750225,1.23850643720515,1.70900511220863
"5825",142.572626168233,1.20902634004572,0.905222209181303
"5826",99.6600656833667,1.34263048562575,0.569796108616925
"5827",125.949444375033,1.063810657497,0.908838534981312
"5828",134.438392683192,1.12726908768277,0.915483513175413
"5829",242.077564230036,1.80383079467023,1.03018105243664
"5830",117.730998899054,1.11638515307372,0.809527470313614
"5831",142.31357753891,1.36242650143705,0.80184064621947
"5832",74.4182993520921,0.625486080547604,0.91330725069848
"5833",69.0085766359698,0.596359403725066,0.888279852564919
"5834",158.109033581434,1.31107413965806,0.92572980537582
"5835",213.201567102954,2.25925847250919,0.724401409765277
"5836",47.4824600827484,0.469507529803511,0.776328382019587
"5837",148.787137752024,1.36603266606474,0.836101722823554
"5838",55.6809520130322,0.555080751266417,0.770025838871471
"5839",151.163854655498,1.48617678038636,0.780786507751457
"5840",91.0630413870615,0.857097274435558,0.815580532620792
"5841",272.263077458025,2.32988408596828,0.89703471001076
"5842",111.414858817466,0.998391728476158,0.856637247117378
"5843",105.645663610294,0.936007435260407,0.866417450299746
"5844",181.225260590351,1.80204676524849,0.771982560558734
"5901",129.174905093592,0.915785140340395,1.08277787417566
"5902",194.74592169607,1.42973382055287,1.04560582706747
"5903",132.387499963976,1.12884220774319,0.900261246192614
"5904",186.896822019938,2.00092085778989,0.717012652287859
"5905",199.100559999848,1.52887843938233,0.999664659943299
"5906",100.520130970783,0.770306992233346,1.00171463671813
"5907",129.327050228741,0.955844376675737,1.03862075366666
"5908",153.617665936153,1.21740857302079,0.968633801836232
"5909",120.061062609101,0.872310139132524,1.05654032203497
"5910",247.12941084629,1.89488124574684,1.00114561669662
"5911",134.314624668061,1.11923857585459,0.921203218174734
"5912",167.022081917399,1.18529142931591,1.0816918626502
"5913",187.668918206761,1.27041102072696,1.13397351640375
"5914",112.133892830226,0.871034116459247,0.988226618094518
"5915",124.661552784768,1.00027844260368,0.956679431492044
"5916",133.591835028079,1.02434337727097,1.00112697938819
"5917",310.166564704083,1.9719722366057,1.20739395630114
"5918",179.6673493736,1.21142550375746,1.13848486660825
"5919",256.269984427744,1.72422720644066,1.14092753867679
"5920",47.2059765837641,0.537195204288584,0.674558584540315
"5921",201.847873882736,1.24206869040921,1.2474793884724
"5922",236.810852353659,1.57483637228249,1.15430606663819
"5923",203.324182682787,1.25035128826588,1.2482793989611
"5924",154.569677236817,0.977450216646335,1.21390434723519
"5925",207.365986860191,1.50341001408625,1.05880235362729
"6001",126.505709905543,0.743868362993805,1.305475884073
"6002",221.186190216251,1.32655369864737,1.27993521283861
"6003",121.645497139342,0.902436817285916,1.03474669109005
"6004",122.020542500222,1.00095898916635,0.935775092188994
"6005",138.749007971931,1.14161324707802,0.932965750510549
"6006",124.441983485951,1.0969407820837,0.870840373920871
"6007",142.473617255521,1.00611891500893,1.08702604735096
"6008",137.727820375474,0.862577009473986,1.22568426239825
"6009",318.155226945953,1.85789176260153,1.31453897558043
"6010",133.865299856642,1.02536190342246,1.00217981541166
"6011",156.254899440314,1.35564207096301,0.884796547490743
"6012",149.948606801679,0.973893984798521,1.18191315212737
"6013",129.429303536581,0.939057024149378,1.05802386181343
"6014",156.29067641485,1.17132830673571,1.02425771982941
"6015",156.818584399014,1.17027270295606,1.02864440439423
"6016",137.032668851541,1.15714480712315,0.909057217540142
"6017",180.639773705411,1.44654936258519,0.95859450719401
"6018",152.987727628358,1.22843785535527,0.956000714170176
"6019",150.412481297792,1.17920077585696,0.979153844209759
"6020",158.016597332253,1.39418700790144,0.870034527784326
"6021",102.600268032513,0.844107366683643,0.933051507181287
"6022",126.710002925927,1.00485793619455,0.967968106406675
"6023",149.847064411383,1.08818230532728,1.05706427017765
"6101",104.550472582331,0.834783233195737,0.961406594035148
"6102",144.371056889921,1.01474637714204,1.09213780367916
"6103",136.354283043703,0.903546768403926,1.15843844260244
"6104",100.162057485626,0.741019270202923,1.03759662145868
"6105",98.3644998196072,0.762595171672296,0.990145802123794
"6106",274.535883732654,1.77177403244884,1.18944838061075
"6107",165.600335602348,1.1605378124027,1.09535963145383
"6108",122.939927000732,0.806661673310351,1.16992047539297
"6109",130.781963702004,0.936306392554184,1.07222191485052
"6110",114.584765654214,0.818835013940636,1.07420035021487
"6111",118.714956521573,0.827319256577922,1.10150663786841
"6112",102.35931752984,0.742692335950929,1.05796975690395
"6113",118.031107945024,0.79139176200265,1.14487948281018
"6114",71.2280019876605,0.876775410421529,0.62361595035136
"6115",114.787605204562,0.773113592033834,1.1397418637693
"6116",132.491074088763,0.874254611534226,1.1633315404876
"6117",172.375395414038,1.24043493828846,1.06673390559813
"6118",147.420790330106,1.0223885677344,1.1068724153455
"6119",154.901858247058,0.942509551260482,1.26161162353214
"6120",165.217278119594,1.12491048323651,1.12743707678352
"6121",266.940465136662,1.68177543703741,1.21843178992786
"6122",182.866846373337,1.35084017824592,1.03916813183794
"6123",235.27498721217,1.45334869453133,1.24268411679848
"6124",135.428619660858,0.851811881496151,1.22045444179862
"6125",203.150202917397,1.25346856844765,1.24410955659219
"6126",155.813589181011,1.04920603669271,1.13998559846709
"6127",184.195891087336,1.2480458942483,1.13293291891247
"6128",195.219810889974,1.27039864168746,1.17961063909268
"6201",76.9933468155357,0.818202846690828,0.722348917080299
"6202",76.4867555394023,0.715047889579708,0.821118664165165
"6203",66.4182338928353,0.688419061399906,0.740609451695202
"6204",110.765357927669,1.02628678501819,0.828495268142274
"6205",88.9959279615546,0.792095654661651,0.862476595789113
"6206",111.734891587345,0.940633976537014,0.911849079486648
"6207",93.5048050491304,0.923848769913274,0.776940674096088
"6208",112.422899223675,1.07321198358378,0.804125957235734
"6209",56.8989244229476,0.534134668126927,0.81772655978962
"6210",90.6529308082547,0.759481844187444,0.916261138095178
"6211",135.822391825453,1.11818207680503,0.932424467581232
"6212",79.4209432145534,0.799080485243769,0.762955713602767
"6213",106.350787971012,0.919232058721176,0.888117368984965
"6214",144.41534152765,1.23717391266956,0.896060620649488
"6215",105.890464156655,1.01907892373852,0.797634345542654
"6216",93.3466426175416,0.899041804327882,0.797028094021704
"6217",100.259109542315,1.1213044676555,0.686364960661905
"6218",98.4494004060623,0.905034598660078,0.8350312084817
"6219",88.7205710539072,0.801106180300008,0.850137278051685
"6220",94.3366661569529,1.04323912850115,0.694147031073546
"6221",62.4283876406141,0.617153760408566,0.776503741578382
"6222",74.0031226628498,0.987446323663032,0.575296010574684
"6223",63.3393205558587,0.699447519827976,0.695141280690491
"6224",58.4237796764885,0.642531115597054,0.697991766635369
"6225",72.9442413855543,0.885747018436623,0.632173267144293
"6226",81.0799012843857,0.876807935367596,0.709845042299745
"6301",148.316088985007,1.43955524567936,0.790887555974297
"6302",174.023881938957,1.40884693970766,0.948199786351734
"6303",223.907881102519,1.71608257332646,1.00158085128158
"6304",188.278750027356,1.51583501628274,0.953463747648875
"6305",162.692850828013,1.33475882121641,0.935665213464137
"6306",151.375173094025,1.27604685128052,0.910631871831375
"6307",48.5255775091139,0.0603850640366647,6.16873331514416
"6308",177.027102076504,1.38422637762739,0.98171958036258
"6309",187.467210601559,1.43129315249243,1.0054293011932
"6310",213.962068728215,1.67268916188015,0.981920572697076
"6311",380.949727569852,2.88244464638825,1.01452208416084
"6312",150.343124090028,1.37327151076089,0.840392124553704
"6313",191.281403043408,1.54252749896949,0.951907278371263
"6314",220.624914404434,1.7001137708365,0.996165238843757
"6315",176.682995656554,1.46009714072693,0.92889755013158
"6316",111.445515455466,1.07815588452288,0.793479760408788
"6317",146.038925979001,1.21511763452544,0.922582304795131
"6318",113.632344845641,1.39792275818298,0.623984220437791
"6319",172.028841179918,1.27516111645106,1.03559755504465
"6320",155.855648658787,1.26395135760631,0.946557498246234
"6321",174.192485031454,1.30903337269562,1.02148856676232
"6322",127.561629537129,1.205224660893,0.812469118917524
"6323",221.932662950679,2.27800713887031,0.747861123053872
"6324",115.855762538889,0.953255444533107,0.93296029076982
"6325",125.872813324528,1.05013656318137,0.920112589645654
"6401",125.223509065769,1.13198128872355,0.849183281502043
"6402",206.014878436039,1.637143827166,0.965976509144972
"6403",103.072016843548,1.00186320885095,0.789745499270877
"6404",127.420644950323,1.15190205180894,0.849139533739106
"6405",150.699862152034,1.35349332092803,0.854695764760613
"6406",146.410119243782,1.30388849278677,0.861956711631611
"6407",129.34072712147,1.24057809948881,0.800324297137522
"6408",119.500969392806,1.04985499293572,0.873769586724773
"6409",72.854553119054,0.844313652212624,0.662380747303471
"6410",80.9050448329159,0.887972327508496,0.699408627123908
"6411",121.19131396959,1.11947054755476,0.831024133053865
"6412",76.294703463414,0.601018098577002,0.97445469642797
"6413",118.168733091904,1.19541299409549,0.75882113928002
"6414",86.4184079090178,0.923686061251659,0.71818558648344
"6415",150.802643071543,1.25097635081367,0.925368405782282
"6416",135.102815856976,1.26173350180566,0.821961696800887
"6417",90.1985220019947,0.906861580461608,0.76350736697542
"6418",184.788859279832,1.69114214791639,0.838784670774382
"6501",257.926157998415,1.87217725143881,1.05755567245273
"6502",215.358262198212,1.5683701970562,1.05406591744478
"6503",71.7688433998458,0.729935761950325,0.75475520990462
"6504",184.107683333421,2.59158088239738,0.545333226465534
"6505",70.6097597894123,0.648130385684532,0.836290503865852
"6506",42.8092656711462,0.617321227859049,0.532330537842031
"6507",302.479881567673,2.07360838298878,1.11975901679061
"6508",81.2936981945664,0.797021384624812,0.782963867836935
"6509",162.958199209477,1.47879856187344,0.845905816310133
"6510",180.115903290617,1.41965328055037,0.973922914290548
"6511",134.439171088308,1.05290748068153,0.980145225417726
"6512",70.3063114503524,0.624421531396931,0.864313422543103
"6513",74.6850235205724,0.796012979594207,0.7202249907462
"6514",61.9249952273287,0.564121858976944,0.842651245935743
"6515",79.2089032419687,0.694484466721671,0.87552041516488
"6516",80.9632071044517,0.836362256422188,0.743101420149782
"6517",151.589934166845,1.25075806693208,0.930361790042955
"6518",125.575874381204,1.08913568077511,0.885072890501588
"6519",109.212892804501,1.09560982955656,0.765196199980025
"6520",450.507215420569,3.52584259986303,0.980829781945295
"6521",79.0728512571771,0.897254145881877,0.676498346262144
"6522",101.927219953144,0.972974895761172,0.804161649951998
"6523",176.655745922626,1.31378398667836,1.03218755305946
"6601",116.92795234156,0.976084175386898,0.919572311901158
"6602",95.0353406293703,0.816873569327929,0.893069186584049
"6603",123.318386672596,1.01764668886493,0.930219896441071
"6604",120.385749728071,0.919006933072251,1.00556722075325
"6605",117.7702266661,1.0975716757756,0.823677938232126
"6606",169.19427120474,1.42670173651138,0.910347655518489
"6607",125.017393938029,0.992775072932896,0.966661431671621
"6608",205.735129673384,1.67373077694893,0.943577695555032
"6609",295.159742385161,1.38232530917026,1.639085758442
"6610",156.274820810388,1.25325975044702,0.957200091217097
"6611",147.75678506927,1.18712004970739,0.95544921270415
"6612",110.786388017388,0.992431803598249,0.856920522304276
"6613",101.751138869845,0.93307683596912,0.837098733202795
"6614",147.473817873822,1.21799301562908,0.929447662582292
"6615",162.176070501589,1.25194546044425,0.994388693144064
"6616",105.362757528586,0.82396600925508,0.981595697037814
"6617",150.620327805743,1.32907556512491,0.869938855114425
"6618",153.986653607959,1.20970027591904,0.977147477616954
"6619",115.214266246429,0.817561894112515,1.08178369429117
"6620",153.855746776517,1.24177575359553,0.951098201994545
"6621",233.221619350806,1.66183628481413,1.07729683313331
"6622",186.064098773554,1.51410483163749,0.943325234587444
"6623",146.25921935534,1.1369283861272,0.987517851427944
"6624",133.962596225786,1.02165548930147,1.00654662450582
"6625",158.63779585055,1.16895444207257,1.04175092628342
"6626",159.719739296571,1.21060899420435,1.01276692650644
"6627",85.2727167099137,0.969021907959956,0.675509276605952
"6628",147.319299151982,1.19676490948437,0.944942998027543
"6629",240.179711364775,1.76801981994702,1.04280715707423
"6630",152.946232369569,1.259436868596,0.932217377579782
"6631",128.714704981819,1.04258885626221,0.947697861936247
"6632",119.237879370162,0.937861693468003,0.975956048066223
"6633",192.441977510943,1.44267847557245,1.02396490633552
"6634",152.866251462787,1.20802769025074,0.971380857277922
"6635",141.802428386193,1.19340929679814,0.912113881671893
"6636",191.175003631913,1.47996352447151,0.991596326451508
"6637",81.3226676044339,0.682569237628857,0.9145758276129
"6638",136.32175631057,1.15788278088484,0.90376473497116
"6639",151.726938270475,1.28459994079176,0.906670760786208
"6640",110.91819069555,0.941195998962748,0.904643606671204
"6641",160.831530662682,1.25774278302602,0.981599153243261
"6642",146.421472229811,1.10795531785801,1.01446562777754
"6643",234.151674382564,1.73288868611369,1.03724515597394
"6644",193.842006683005,1.34478794500351,1.10649359306841
"6645",96.360940675543,0.762801470551208,0.969715468110617
"6646",192.739840984689,1.56730197169348,0.94400355601632
